level,code,postal_code
2,1226258,31000
2,1226258,31006
2,1226258,31010
2,1226258,31012
2,1226258,31014
2,1226258,31016
2,1226258,31026
2,1226258,31028
2,1226258,31032
2,1226258,31034
2,1226258,31036
2,1226258,31038
2,1226258,31046
2,1226258,31050
2,1226258,31053
2,1226258,31100
2,1226258,31106
2,1226258,31112
2,1226258,31200
2,1226258,31212
2,1226258,31216
2,1226258,31220
2,1226258,31222
2,1226258,31224
2,1226258,31226
2,1226258,31228
2,1226258,31232
2,1226258,31234
2,1226258,31236
2,1226258,31238
2,1226258,31250
2,1226258,31260
2,1226258,31300
2,1226258,31304
2,1226258,31306
2,1226258,31308
2,1226258,31312
2,1226258,31314
2,1226258,31318
2,1228729,70000
2,1228729,70001
2,1228729,70002
2,1228729,70004
2,1228729,70005
2,1228729,70012
2,1228729,70016
2,1228729,70017
2,1228729,70018
2,1228729,70019
2,1228729,70021
2,1228729,70024
2,1228729,70026
2,1228729,70032
2,1228729,70034
2,1228729,70036
2,1228729,70038
2,1228729,70041
2,1228729,70042
2,1228729,70044
2,1228729,70045
2,1228729,70046
2,1228729,70056
2,1228729,70062
2,1228729,70066
2,1228729,70070
2,1228729,70080
2,1228729,70082
2,1228729,70100
2,1228729,70101
2,1228729,70104
2,1228729,70105
2,1228729,70106
2,1228729,70108
2,1228729,70112
2,1228729,70114
2,1228729,70116
2,1228729,70117
2,1228729,70118
2,1228729,70122
2,1228729,70124
2,1228729,70127
2,1228729,70129
2,1228729,70130
2,1228729,70131
2,1228729,70133
2,1228729,70134
2,1228729,70135
2,1228729,70136
2,1228729,70138
2,1228729,70140
2,1228729,70142
2,1228729,70144
2,1228729,70145
2,1228729,70150
2,1228729,70152
2,1228729,70154
2,1228729,70156
2,1228729,70158
2,1228729,70160
2,1228729,70162
2,1228729,70164
2,1228729,70165
2,1228729,70170
2,1228729,70171
2,1228729,70180
2,1228729,70190
2,1228729,70195
2,1228729,70200
2,1228729,70205
2,1228729,70212
2,1228729,70215
2,1228729,70218
2,1228729,70230
2,1228729,70294
2,1228729,70296
2,1228729,70298
2,1228729,70300
2,1228729,70332
2,1228729,70338
2,1228729,70342
2,1228729,70344
2,1228729,70345
2,1228729,70346
2,1228729,70348
2,1228729,70350
2,1228729,70352
2,1228729,70400
2,1228729,70403
2,1228729,70404
2,1228729,70408
2,1228729,70450
2,1228729,70455
2,1228729,70456
2,1228729,70459
2,1228729,70461
2,1228729,70469
2,1228729,70472
2,1228729,70480
2,1228729,70482
2,1228729,70488
2,1228729,70492
2,1228729,70494
2,1228729,70495
2,1228729,70500
2,1228729,70502
2,1228729,70504
2,1228729,70506
2,1228729,70512
2,1228729,70550
2,1228729,70552
2,1228729,70556
2,1228729,70600
2,1228729,70602
2,1228729,70604
2,1228729,70606
2,1228729,70612
2,1228729,70620
2,1229292,61004
2,1229292,61006
2,1229292,61008
2,1229292,61012
2,1229292,61014
2,1229292,61018
2,1229292,61022
2,1229292,61024
2,1229292,61032
2,1229292,61040
2,1229292,61042
2,1229292,61110
2,1229292,61120
2,1229292,61130
2,1229292,61136
2,1229292,61138
2,1229292,61144
2,1229292,61150
2,1229292,61154
2,1229292,61158
2,1229292,61162
2,1229292,61170
2,1229292,61180
2,1229292,61190
2,1229292,61192
2,1229292,61195
2,1229292,61198
2,1229292,61210
2,1229292,61220
2,1229292,61224
2,1229292,61226
2,1229292,61230
2,1229292,61233
2,1229292,61234
2,1229292,61236
2,1229292,61238
2,1229292,61242
2,1229292,61244
2,1229292,61246
2,1229292,61250
2,1229292,61252
2,1229292,61262
2,1229292,61264
2,1229292,61266
2,1229292,61270
2,1229292,61272
2,1229292,61274
2,1229292,61280
2,1229292,61302
2,1229292,61306
2,1229292,61307
2,1229292,61308
2,1229292,61312
2,1229292,61314
2,1229292,61316
2,1229292,61322
2,1229292,61324
2,1229292,61326
2,1229292,61328
2,1229292,61341
2,1229292,61342
2,1229292,61343
2,1229292,61344
2,1229292,61354
2,1229292,61356
2,1229292,61358
2,1229292,61360
2,1229292,61362
2,1229292,61500
2,1229292,61502
2,1229292,61504
2,1229292,61506
2,1229292,61508
2,1229292,61512
2,1229292,61514
2,1229292,61516
2,1229292,61520
2,1229292,61532
2,1229292,61534
2,1229899,51002
2,1229899,51004
2,1229899,51006
2,1229899,51008
2,1229899,51014
2,1229899,51016
2,1229899,51024
2,1229899,51026
2,1229899,51031
2,1229899,51032
2,1229899,51033
2,1229899,51034
2,1229899,51037
2,1229899,51039
2,1229899,51042
2,1229899,51044
2,1229899,51046
2,1229899,51049
2,1229899,51050
2,1229899,51052
2,1229899,51062
2,1229899,51064
2,1229899,51066
2,1229899,51070
2,1229899,51072
2,1229899,51076
2,1229899,51089
2,1229899,51090
2,1229899,51092
2,1229899,51094
2,1229899,51096
2,1229899,51098
2,1229899,51100
2,1229899,51102
2,1229899,51104
2,1229899,51106
2,1229899,51108
2,1229899,51225
2,1229899,51235
2,1229899,51244
2,1229899,51246
2,1229899,51250
2,1229899,51256
2,1229899,51258
2,1229899,51375
2,1229899,51378
2,1229899,51400
2,1229899,51408
2,1229899,51410
2,1229899,51412
2,1229899,51414
2,1229899,51416
2,1229899,51422
2,1229899,51424
2,1229899,51428
2,1229899,51500
2,1229899,51504
2,1229899,51506
2,1229899,51508
2,1229899,51514
2,1229899,51518
2,1232781,20560
2,1232781,20566
2,1232781,20567
2,1232781,20568
2,1232781,20588
2,1232781,20590
2,1232781,20592
2,1232781,20660
2,1232781,20668
2,1232781,20669
2,1232781,20670
2,1232781,20678
2,1232781,20680
2,1232781,20682
2,1232781,20684
2,1232781,20686
2,1232781,20688
2,1232781,20750
2,1232781,20752
2,1232781,22002
2,1232781,22008
2,1232781,22010
2,1232781,22012
2,1232781,22018
2,1232781,22021
2,1232781,22024
2,1232781,22032
2,1232781,22034
2,1232781,22036
2,1232781,22040
2,1232781,22044
2,1232781,22046
2,1232781,22050
2,1232781,22058
2,1232781,22060
2,1232781,22070
2,1232781,22075
2,1232781,22080
2,1232781,22090
2,1232781,22094
2,1232781,22095
2,1232781,22096
2,1232781,22110
2,1232781,22120
2,1232781,22150
2,1232781,22202
2,1232781,22208
2,1232781,22212
2,1232781,22214
2,1232781,22216
2,1232781,22220
2,1232781,22226
2,1232781,22240
2,1232781,22245
2,1232781,22246
2,1232781,22250
2,1232781,22252
2,1232781,22254
2,1232781,22256
2,1232781,22262
2,1232781,22270
2,1232781,22272
2,1232781,22274
2,1232781,22280
2,1232781,22282
2,1232781,22285
2,1232781,22287
2,1234392,42000
2,1234818,70250
2,1234818,70252
2,1234818,70254
2,1234818,70256
2,1234818,91002
2,1234818,91003
2,1234818,91004
2,1234818,91005
2,1234818,91006
2,1234818,91007
2,1234818,91008
2,1234818,91010
2,1234818,91020
2,1234818,91022
2,1234818,91024
2,1234818,91030
2,1234818,91032
2,1234818,91038
2,1234818,91040
2,1234818,91042
2,1234818,91050
2,1234818,91052
2,1234818,91054
2,1234818,91056
2,1234818,91058
2,1234818,91060
2,1234818,91070
2,1234818,91098
2,1234818,91100
2,1234818,91108
2,1234818,91112
2,1234818,91198
2,1234818,91202
2,1234818,91204
2,1234818,91206
2,1234818,91250
2,1234818,91295
2,1234818,91298
2,1234818,91300
2,1234818,91302
2,1234818,91306
2,1234818,91308
2,1234818,91312
2,1234818,91405
2,1234818,91500
2,1234818,91502
2,1234818,91505
2,1234818,91508
2,1234818,91512
2,1234818,91514
2,1234818,91516
2,1234818,91519
2,1234818,91550
2,1234818,91552
2,1234818,91554
2,1235845,81017
2,1235845,81020
2,1235845,81030
2,1235845,81032
2,1235845,81034
2,1235845,81038
2,1235845,81050
2,1235845,81051
2,1235845,81060
2,1235845,81064
2,1235845,81070
2,1235845,81071
2,1235845,81072
2,1235845,81074
2,1235845,81082
2,1235845,81092
2,1235845,81100
2,1235845,81106
2,1235845,81108
2,1235845,81160
2,1235845,81170
2,1235845,81180
2,1235845,81200
2,1235845,81220
2,1235845,81230
2,1235845,81280
2,1235845,81290
2,1235845,81294
2,1235845,81300
2,1235845,81302
2,1235845,81312
2,1235845,81314
2,1235845,81316
2,1235845,81318
2,1235845,81320
2,1235845,81322
2,1235845,81326
2,1235845,81400
2,1235845,81402
2,1235845,81404
2,1235845,81408
2,1235845,81412
2,1235845,81414
2,1235845,81416
2,1235845,81422
2,1235845,81424
2,1235845,81450
2,1235845,81452
2,1235845,81454
2,1235845,81456
2,1235845,81462
2,1235845,81470
2,1235845,81472
2,1235845,81474
2,1235845,81475
2,1235845,81477
2,1235845,81478
2,1235845,81479
2,1235845,81480
2,1235845,81500
2,1235845,81508
2,1235845,81514
2,1235845,81522
2,1235845,81524
2,1235845,81526
2,1235845,81532
2,1235845,81538
2,1235845,81541
2,1235845,81600
2,1235845,81612
2,1235845,81614
2,1235845,81615
2,1235845,81722
2,1235845,81730
2,1235845,81740
2,1235845,81750
2,1235854,21004
2,1235854,21006
2,1235854,21008
2,1235854,21009
2,1235854,21012
2,1235854,21014
2,1235854,21016
2,1235854,21020
2,1235854,21032
2,1235854,21042
2,1235854,21044
2,1235854,21046
2,1235854,21048
2,1235854,21051
2,1235854,21054
2,1235854,21055
2,1235854,21056
2,1235854,21058
2,1235854,21062
2,1235854,21064
2,1235854,21066
2,1235854,21068
2,1235854,21070
2,1235854,21072
2,1235854,21074
2,1235854,21076
2,1235854,21082
2,1235854,21090
2,1235854,21094
2,1235854,21106
2,1235854,21108
2,1235854,21112
2,1235854,21114
2,1235854,21116
2,1235854,21122
2,1235854,21124
2,1235854,21140
2,1235854,21142
2,1235854,21144
2,1235854,21152
2,1235854,21154
2,1235854,21156
2,1235854,21160
2,1235854,21200
2,1235854,21206
2,1235854,21212
2,1235854,21214
2,1235854,21300
2,1235854,21400
2,1235854,21402
2,1235854,21404
2,1235854,21406
2,1235854,21408
2,1235854,21500
2,1235854,21502
2,1235854,21504
2,1235854,21506
2,1235854,21512
2,1235854,21514
2,1235854,21520
2,1235854,21524
2,1235854,21530
2,1235854,21532
2,1235854,21534
2,1235854,21536
2,1235854,21538
2,1235854,21552
2,1235854,21554
2,1237978,60000
2,1237978,60003
2,1237978,60004
2,1237978,60013
2,1237978,60016
2,1237978,60024
2,1237978,60025
2,1237978,60027
2,1237978,60028
2,1237978,60029
2,1237978,60034
2,1237978,60036
2,1237978,60038
2,1237978,60040
2,1237978,60044
2,1237978,60045
2,1237978,60047
2,1237978,60052
2,1237978,60053
2,1237978,60054
2,1237978,60058
2,1237978,60060
2,1237978,60062
2,1237978,60064
2,1237978,60066
2,1237978,60072
2,1237978,60074
2,1237978,60076
2,1237978,60080
2,1237978,60094
2,1237978,60096
2,1237978,60100
2,1237978,60106
2,1237978,60107
2,1237978,60108
2,1237978,60112
2,1237978,60121
2,1237978,60122
2,1237978,60130
2,1237978,60135
2,1237978,60140
2,1237978,60152
2,1237978,60155
2,1237978,60156
2,1237978,60160
2,1237978,60162
2,1237978,60170
2,1237978,60174
2,1237978,60176
2,1237978,60181
2,1237978,60182
2,1237978,60183
2,1237978,60184
2,1237978,60186
2,1237978,60188
2,1237978,60195
2,1237978,60198
2,1237978,60202
2,1237978,60204
2,1237978,60206
2,1237978,60208
2,1237978,60209
2,1237978,60211
2,1237978,60212
2,1237978,60214
2,1237978,60218
2,1237978,60221
2,1237978,60226
2,1237978,60227
2,1237978,60228
2,1237978,60232
2,1237978,60236
2,1237978,60238
2,1237978,60240
2,1237978,60250
2,1237978,60260
2,1237978,60262
2,1237978,60266
2,1237978,60280
2,1237978,60284
2,1237978,60286
2,1237978,60288
2,1237978,60291
2,1237978,60292
2,1237978,60300
2,1237978,60304
2,1237978,60306
2,1237978,60308
2,1237978,60312
2,1237978,60314
2,1237978,60318
2,1237978,60330
2,1237978,60344
2,1237978,60347
2,1237978,60348
2,1237978,60350
2,1237978,60354
2,1237978,60356
2,1237978,60400
2,1237978,60402
2,1237978,60404
2,1237978,60406
2,1237978,60408
2,1237978,60410
2,1237978,60414
2,1237978,60416
2,1237978,60422
2,1237978,60424
2,1237978,60426
2,1237978,60430
2,1237978,60434
2,1237978,60436
2,1237978,60437
2,1237978,60438
2,1237978,60439
2,1237978,60441
2,1237978,60450
2,1237978,60453
2,1237978,60454
2,1237978,60456
2,1237978,60458
2,1237978,60461
2,1237978,60462
2,1237978,60464
2,1237978,60465
2,1237978,60470
2,1237978,60472
2,1237978,60474
2,1237978,60476
2,1237978,60477
2,1237978,60478
2,1237978,60479
2,1237978,60482
2,1237978,60483
2,1237978,60484
2,1237978,60485
2,1237978,60486
2,1237978,60490
2,1237978,60492
2,1237978,60495
2,1237978,60499
2,1237978,60500
2,1237978,60502
2,1237978,60506
2,1237978,60508
2,1237978,60512
2,1237978,60514
2,1237978,60516
2,1237978,60518
2,1237978,60522
2,1237978,60530
2,1237978,60532
2,1237978,60540
2,1237978,60544
2,1237978,60546
2,1237978,60548
2,1237978,60549
2,1237978,60552
2,1237978,60554
2,1237978,60558
2,1237978,60570
2,1237978,60572
2,1237978,60578
2,1237978,60580
2,1237978,60582
2,1237978,60584
2,1237978,60590
2,1237978,60600
2,1237978,60602
2,1237978,60604
2,1237978,60606
2,1237978,60612
2,1237978,60620
2,1237978,60622
2,1237978,60624
2,1237978,60630
2,1237978,60640
2,1237978,60646
2,1237978,60650
2,1237978,60700
2,1237978,60704
2,1237978,60706
2,1237978,60712
2,1237978,60714
2,1237978,60716
2,1237978,60718
2,1237978,60721
2,1237978,60722
2,1237978,60724
2,1237978,60731
2,1237978,60732
2,1237978,60734
2,1237978,60735
2,1237978,60736
2,1237978,60737
2,1237978,60738
2,1237978,60739
2,1237978,60750
2,1237978,60752
2,1237978,60754
2,1240722,71009
2,1240722,71014
2,1240722,71016
2,1240722,71022
2,1240722,71029
2,1240722,71034
2,1240722,71035
2,1240722,71037
2,1240722,71039
2,1240722,71041
2,1240722,71044
2,1240722,71046
2,1240722,71050
2,1240722,71055
2,1240722,71060
2,1240722,71062
2,1240722,71063
2,1240722,71100
2,1240722,71105
2,1240722,71106
2,1240722,71108
2,1240722,71113
2,1240722,71115
2,1240722,71116
2,1240722,71130
2,1240722,71200
2,1240722,71202
2,1240722,71204
2,1240722,71208
2,1240722,71210
2,1240722,71211
2,1240722,71220
2,1240722,71222
2,1240722,71230
2,1240722,71232
2,1240722,71234
2,1240722,71236
2,1240722,71237
2,1240722,71300
2,1240722,71303
2,1240722,71304
2,1240722,71312
2,1240722,71313
2,1240722,71315
2,1240722,71318
2,1240722,71320
2,1240722,71321
2,1240722,71325
2,1240722,71326
2,1240722,71350
2,1240722,71352
2,1240722,71360
2,1240722,71363
2,1240722,71370
2,1240722,71372
2,1240722,71400
2,1240722,71401
2,1240722,71403
2,1240722,71407
2,1240722,71411
2,1240722,71417
2,1240722,71418
2,1240722,71430
2,1240722,71432
2,1240722,71500
2,1240722,71501
2,1240722,71503
2,1240722,71505
2,1240722,71507
2,1240722,71508
2,1240722,71510
2,1240722,71520
2,1240722,71521
2,1240722,71527
2,1240722,71530
2,1240722,71533
2,1240722,71540
2,1240722,71541
2,1240722,71546
2,1240722,71600
2,1240722,71601
2,1240722,71602
2,1240722,71603
2,1240722,71605
2,1240722,71607
2,1240722,71610
2,1240722,71612
2,1240722,71619
2,1240722,71622
2,1240722,71700
2,1240722,71702
2,1240722,71704
2,1240722,71706
2,1240722,71708
2,1240722,71712
2,1240722,71715
2,1240722,71716
2,1240722,71720
2,1240722,71722
2,1240722,71724
2,1241621,20000
2,1241621,20032
2,1241621,20034
2,1241621,20042
2,1241621,20044
2,1241621,20048
2,1241621,20052
2,1241621,20060
2,1241621,20062
2,1241621,20068
2,1241621,20072
2,1241621,20080
2,1241621,20084
2,1241621,20086
2,1241621,20092
2,1241621,20094
2,1241621,20095
2,1241621,20100
2,1241621,20106
2,1241621,20108
2,1241621,20109
2,1241621,20112
2,1241621,20118
2,1241621,20120
2,1241621,20126
2,1241621,20128
2,1241621,20132
2,1241621,20134
2,1241621,20136
2,1241621,20140
2,1241621,20142
2,1241621,20150
2,1241621,20152
2,1241621,20154
2,1241621,20160
2,1241621,20164
2,1241621,20166
2,1241621,20168
2,1241621,20170
2,1241621,20172
2,1241621,20176
2,1241621,20180
2,1241621,20184
2,1241621,20186
2,1241621,20189
2,1241621,20194
2,1241621,20196
2,1241621,20198
2,1241621,20200
2,1241621,20202
2,1241621,20204
2,1241621,20206
2,1241621,20210
2,1241621,20212
2,1241621,20214
2,1241621,20216
2,1241621,20218
2,1241621,20232
2,1241621,20234
2,1241621,20250
2,1241621,20260
2,1241621,20270
2,1241621,20306
2,1241621,20308
2,1241621,20400
2,1241621,20404
2,1241621,20409
2,1241621,20414
2,1241621,20418
2,1241621,20420
2,1241621,20430
2,1241621,20438
2,1241621,20440
2,1241621,20442
2,1241621,20450
2,1241621,20454
2,1241621,20465
2,1241621,20470
2,1241621,20480
2,1241621,20482
2,1241621,20506
2,1241621,20510
2,1241621,20511
2,1241621,20512
2,1241621,20524
2,1241621,20526
2,1241621,20532
2,1241621,20544
2,1241621,20546
2,1241621,20562
2,1241621,20564
2,1241621,20574
2,1241621,20578
2,1241621,20580
2,1241621,20610
2,1241621,20620
2,1241621,20640
2,1241621,20644
2,1241621,20650
2,1241621,20654
2,1241621,20656
2,1241621,20658
2,1241621,20662
2,1241621,20664
2,1241621,20666
2,1241621,20676
2,1241621,20702
2,1241621,20708
2,1241621,20710
2,1241621,20712
2,1241621,20714
2,1241621,20722
2,1241621,20724
2,1241621,20730
2,1241621,20732
2,1241621,20734
2,1241621,20738
2,1241621,20742
2,1241621,20744
2,1241621,20748
2,1241621,20800
2,1241621,20802
2,1241621,20810
2,1241621,20816
2,1241621,20818
2,1241621,20822
2,1241621,20824
2,1241621,20828
2,1241621,20830
2,1241621,20838
2,1241621,20840
2,1241621,20850
2,1241621,20900
2,1241621,20902
2,1241621,20904
2,1241621,20906
2,1241621,20908
2,1241621,20914
2,1241621,20916
2,1241621,20921
2,1241621,20922
2,1241621,20923
2,1241621,20924
2,1241621,20926
2,1241621,20928
2,1241621,20932
2,1241621,20934
2,1241621,20938
2,1241621,20940
2,1241621,20945
2,1241621,20948
2,1241621,20950
2,1241621,20960
2,1241621,20965
2,1241621,20966
2,1241621,20967
2,1241621,20971
2,1241621,20982
2,1241621,20983
2,1241621,20984
2,1241621,20986
2,1241621,20990
2,1241963,12005
2,1241963,12006
2,1241963,12007
2,1241963,12008
2,1241963,12009
2,1241963,12016
2,1241963,12020
2,1241963,12024
2,1241963,12025
2,1241963,12030
2,1241963,12050
2,1241963,12055
2,1241963,12060
2,1241963,12074
2,1241963,12078
2,1241963,12080
2,1241963,12090
2,1241963,12094
2,1241963,12100
2,1241963,12104
2,1241963,12106
2,1241963,12108
2,1241963,12112
2,1241963,12114
2,1241963,12116
2,1241963,12118
2,1241963,12122
2,1241963,12124
2,1241963,12126
2,1241963,12127
2,1241963,12130
2,1241963,12134
2,1241963,12136
2,1241963,12138
2,1241963,12142
2,1241963,12144
2,1241963,12148
2,1241963,12200
2,1241963,12204
2,1241963,12210
2,1241963,12214
2,1241963,12216
2,1241963,12218
2,1241963,12222
2,1241963,12224
2,1241963,12230
2,1241963,12232
2,1241963,12234
2,1241963,12236
2,1241963,12300
2,1241963,12302
2,1241963,12304
2,1241963,12306
2,1241963,12308
2,1241963,12310
2,1241963,12320
2,1241963,12322
2,1241963,12400
2,1241963,12404
2,1241963,12410
2,1241963,12412
2,1241963,12414
2,1241963,12416
2,1241963,12418
2,1241963,12422
2,1241963,12424
2,1241963,12426
2,1241963,12428
2,1241963,12432
2,1241963,12440
2,1241963,12524
2,1241963,12530
2,1241963,12534
2,1241963,12538
2,1241963,12550
2,1241963,12560
2,1241963,12564
2,1241963,12580
2,1242831,40000
2,1244925,82002
2,1244925,82004
2,1244925,82005
2,1244925,82006
2,1244925,82008
2,1244925,82010
2,1244925,82014
2,1244925,82016
2,1244925,82018
2,1244925,82102
2,1244925,82106
2,1244925,82108
2,1244925,82109
2,1244925,82110
2,1244925,82120
2,1244925,82125
2,1244925,82126
2,1244925,82135
2,1244925,82200
2,1244925,82220
2,1244925,82232
2,1244925,82240
2,1244925,82242
2,1244925,82246
2,1244925,82248
2,1244925,82252
2,1244925,82254
2,1244925,82270
2,1244925,82274
2,1244925,82276
2,1244925,82278
2,1244925,82300
2,1244925,82401
2,1244925,82412
2,1244925,82414
2,1244925,82416
2,1244925,82418
2,1244925,82420
2,1244925,82450
2,1244925,82454
2,1244925,82456
2,1244925,82458
2,1244925,82462
2,1244925,82500
2,1244925,82504
2,1244925,82550
2,1244925,82554
2,1244925,82586
2,1244925,82600
2,1244925,82602
2,1244925,82608
2,1244925,82612
2,1244925,82614
2,1244925,82615
2,1244925,82618
2,1244925,82619
2,1244925,82622
2,1244925,82632
2,1244925,82634
2,1244925,82636
2,1244925,82638
2,1246005,10660
2,1246005,10662
2,1246005,10664
2,1246005,11010
2,1246005,11011
2,1246005,11012
2,1246005,11020
2,1246005,11024
2,1246005,11030
2,1246005,11033
2,1246005,11034
2,1246005,11040
2,1246005,11043
2,1246005,11052
2,1246005,11054
2,1246005,11056
2,1246005,11061
2,1246005,11062
2,1246005,11063
2,1246005,11066
2,1246005,11068
2,1246005,11100
2,1246005,11102
2,1246005,11104
2,1246005,11105
2,1246005,11108
2,1246005,11112
2,1246005,11114
2,1246005,11116
2,1246005,11120
2,1246005,11122
2,1246005,11126
2,1246005,11128
2,1246005,11129
2,1246005,11134
2,1246005,11142
2,1246005,11144
2,1246005,11146
2,1246005,11150
2,1246005,11160
2,1246005,11200
2,1246005,11204
2,1246005,11206
2,1246005,11208
2,1246005,11212
2,1246005,11214
2,1246005,11216
2,1246005,11222
2,1246005,11224
2,1246005,11226
2,1246005,11228
2,1246005,11232
2,1246005,11234
2,1246005,11242
2,1246005,11244
2,1246005,11250
2,1246005,11260
2,1246005,11262
2,1246005,11264
2,1246005,11265
2,1246005,11270
2,1246005,11324
2,1246005,11328
2,1246005,11350
2,1246005,11354
2,1246005,11358
2,1246005,11370
2,1246005,11380
2,1246005,11390
2,1246005,11400
2,1246005,11410
2,1246005,11420
2,1246005,11440
2,1246005,11450
2,1246005,11504
2,1246005,11522
2,1246005,11524
2,1246005,11526
2,1246005,11532
2,1246005,11534
2,1246005,11536
2,1246005,11538
2,1246005,11540
2,1246005,11558
2,1246005,11562
2,1246005,11564
2,1246005,11566
2,1246005,11568
2,1246005,11607
2,1246005,11618
2,1246005,11630
2,1246005,11640
2,1246005,11650
2,1246005,11670
2,1246005,11672
2,1246005,11680
2,1246005,11690
2,1246005,11692
2,1246005,11700
2,1246005,11710
2,1246005,11715
2,1246005,11720
2,1246005,11724
2,1246005,11725
2,1246005,11730
2,1246005,11734
2,1246005,11741
2,1246005,11742
2,1246005,11850
2,1246005,11856
2,1246005,11858
2,1246005,11870
2,1246005,11875
2,1246005,11880
2,1246005,11889
2,1246005,11890
2,1246005,11892
2,1246005,11894
2,1246005,11896
2,1246292,80000
2,1246292,80042
2,1246292,80044
2,1246292,80046
2,1246292,80048
2,1246292,80054
2,1246292,80056
2,1246292,80058
2,1246292,80062
2,1246292,80064
2,1246292,80070
2,1246292,80075
2,1246292,80080
2,1246292,80082
2,1246292,80084
2,1246292,80086
2,1246292,80090
2,1246292,80092
2,1246292,80100
2,1246292,80107
2,1246292,80108
2,1246292,80110
2,1246292,80112
2,1246292,80114
2,1246292,80116
2,1246292,80120
2,1246292,80122
2,1246292,80130
2,1246292,80132
2,1246292,80134
2,1246292,80136
2,1246292,80142
2,1246292,80143
2,1246292,80144
2,1246292,80146
2,1246292,80148
2,1246292,80150
2,1246292,80151
2,1246292,80152
2,1246292,80168
2,1246292,80170
2,1246292,80200
2,1246292,80204
2,1246292,80212
2,1246292,80214
2,1246292,80216
2,1246292,80220
2,1246292,80230
2,1246292,80244
2,1246292,80250
2,1246292,80260
2,1246292,80270
2,1246292,80280
2,1246292,80302
2,1246292,80312
2,1246292,80318
2,1246292,80320
2,1246292,80328
2,1246292,80330
2,1246292,80332
2,1246292,80340
2,1246292,80350
2,1246292,80352
2,1246292,80354
2,1246292,80360
2,1246292,80400
2,1246292,80402
2,1246292,80406
2,1246292,80408
2,1246292,80416
2,1246292,80420
2,1246292,80422
2,1246292,80424
2,1246292,80432
2,1246292,80440
2,1246292,80458
2,1246292,80460
2,1246292,80470
2,1246292,80502
2,1246292,80506
2,1246292,80508
2,1246292,80510
2,1246292,80550
2,1246292,80562
2,1246292,80570
2,1246292,80630
2,1246292,80650
2,1246292,80654
2,1248990,00100
2,1248990,00200
2,1248990,00300
2,1248990,00400
2,1248990,00500
2,1248990,00600
2,1248990,00800
2,1248990,01300
2,1248990,01500
2,1248990,10100
2,1248990,10115
2,1248990,10116
2,1248990,10118
2,1248990,10120
2,1248990,10150
2,1248990,10202
2,1248990,10204
2,1248990,10206
2,1248990,10208
2,1248990,10230
2,1248990,10232
2,1248990,10250
2,1248990,10290
2,1248990,10300
2,1248990,10302
2,1248990,10304
2,1248990,10306
2,1248990,10320
2,1248990,10350
2,1248990,10370
2,1248990,10500
2,1248990,10502
2,1248990,10504
2,1248990,10508
2,1248990,10511
2,1248990,10513
2,1248990,10522
2,1248990,10524
2,1248990,10526
2,1248990,10620
2,1248990,10640
2,1248990,10650
2,1248990,10654
2,1248990,10656
2,1248990,10680
2,1248990,10682
2,1248990,10700
2,1248990,10704
2,1248990,10712
2,1248990,10714
2,1248990,10718
2,1248990,10730
2,1248990,10732
2,1250159,30016
2,1250159,30018
2,1250159,30022
2,1250159,30024
2,1250159,30100
2,1250159,30150
2,1250159,30158
2,1250159,30159
2,1250159,30160
2,1250159,30162
2,1250159,30192
2,1250159,30194
2,1250159,30196
2,1250159,30200
2,1250159,30204
2,1250159,30206
2,1250159,30220
2,1250159,30230
2,1250159,30234
2,1250159,30236
2,1250159,30238
2,1250159,30249
2,1250159,30250
2,1250159,30254
2,1250159,30300
2,1250159,30350
2,1250159,30352
2,1250159,30354
2,1250159,30358
2,1250159,30362
2,1250159,30364
2,1250159,30372
2,1250159,30376
2,1250159,30392
2,1250159,30394
2,1250159,30400
2,1250159,30410
2,1250159,30420
2,1250159,30424
2,1250159,30426
2,1250159,30428
2,1250159,30442
2,1250159,30444
2,1250159,30456
2,1250614,90000
2,1250614,90008
2,1250614,90012
2,1250614,90013
2,1250614,90014
2,1250614,90015
2,1250614,90016
2,1250614,90017
2,1250614,90019
2,1250614,90020
2,1250614,90022
2,1250614,90026
2,1250614,90028
2,1250614,90034
2,1250614,90042
2,1250614,90044
2,1250614,90046
2,1250614,90048
2,1250614,90052
2,1250614,90060
2,1250614,90061
2,1250614,90062
2,1250614,90063
2,1250614,90064
2,1250614,90065
2,1250614,90066
2,1250614,90067
2,1250614,90068
2,1250614,90070
2,1250614,90071
2,1250614,90072
2,1250614,90080
2,1250614,90082
2,1250614,90090
2,1250614,90091
2,1250614,90092
2,1250614,90094
2,1250614,90100
2,1250614,90102
2,1250614,90104
2,1250614,90106
2,1250614,90108
2,1250614,90112
2,1250614,90114
2,1250614,90122
2,1250614,90132
2,1250614,90134
2,1250614,90138
2,1250614,90140
2,1250614,90150
2,1250614,90164
2,1250614,90165
2,1250614,90166
2,1250614,90168
2,1250614,90170
2,1250614,90171
2,1250614,90180
2,1250614,90183
2,1250614,90184
2,1250614,90186
2,1250614,90188
2,1250614,90190
2,1250614,90192
2,1250614,90200
2,1250614,90204
2,1250614,90206
2,1250614,90208
2,1250614,90212
2,1250614,90214
2,1250614,90216
2,1250614,90218
2,1250614,90222
2,1250614,90224
2,1250614,90226
2,1250614,90230
2,1250614,90300
2,1250614,90302
2,1250614,90310
2,1250614,90322
2,1250614,90324
2,1250614,90326
2,1250614,90328
2,1250614,90329
2,1250614,90350
2,1250614,90352
2,1250614,90356
2,1250614,90358
2,1250614,90362
2,1250614,90364
2,1250614,90500
2,1250614,90502
2,1250614,90504
2,1250614,90506
2,1250614,90508
2,1250614,90512
2,1250614,90518
2,1250614,90522
2,1250614,90524
2,1250614,90530
2,1250614,90532
2,1250614,90534
2,1250614,90535
2,1250614,90540
2,1250614,90542
2,1250614,90544
2,1250614,90546
2,1250614,90580
2,1250614,90582
2,1250614,90584
2,1250614,90700
2,1250614,90702
2,1250614,90704
2,1250614,90706
2,1250614,90712
2,1250614,90714
2,1250614,90716
2,1250614,90718
2,1250614,90722
2,1250614,90724
2,1250614,90726
2,1250614,90728
2,1250614,90730
2,1250614,90734
2,1250614,90736
2,1250614,90738
2,1250614,90750
2,1250614,90752
2,1250614,90754
2,1250614,90756
2,1250614,96167
2,1251080,50000
2,1251080,50004
2,1251080,50006
2,1251080,50008
2,1251080,50012
2,1251080,50014
2,1251080,50016
2,1251080,50020
2,1251080,50022
2,1251080,50029
2,1251080,50036
2,1251080,50042
2,1251080,50044
2,1251080,50046
2,1251080,50055
2,1251080,50057
2,1251080,50062
2,1251080,50064
2,1251080,50067
2,1251080,50068
2,1251080,50072
2,1251080,50080
2,1251080,50086
2,1251080,50088
2,1251080,50100
2,1251080,50104
2,1251080,50110
2,1251080,50111
2,1251080,50112
2,1251080,50120
2,1251080,50122
2,1251080,50124
2,1251080,50126
2,1251080,50130
2,1251080,50132
2,1251080,50142
2,1251080,50144
2,1251080,50150
2,1251080,50169
2,1251080,50170
2,1251080,50174
2,1251080,50176
2,1251080,50180
2,1251080,50182
2,1251080,50184
2,1251080,50196
2,1251080,50200
2,1251080,50206
2,1251080,50207
2,1251080,50210
2,1251080,50212
2,1251080,50214
2,1251080,50220
2,1251080,50222
2,1251080,50224
2,1251080,50226
2,1251080,50230
2,1251080,50232
2,1251080,50236
2,1251080,50240
2,1251080,50242
2,1251080,50244
2,1251080,50246
2,1251080,50248
2,1251080,50259
2,1251080,50260
2,1251080,50261
2,1251080,50262
2,1251080,50270
2,1251080,50280
2,1251080,50282
2,1251080,50284
2,1251080,50288
2,1251080,50304
2,1251080,50306
2,1251080,50308
2,1251080,50320
2,1251080,50324
2,1251080,50326
2,1251080,50327
2,1251080,50334
2,1251080,50338
2,1251080,50339
2,1251080,50344
2,1251080,50349
2,1251080,50350
2,1251080,50354
2,1251080,50356
2,1251080,50358
2,1251080,50370
2,1251080,50380
2,1251080,50382
2,1251080,50384
2,1251080,50386
2,1251080,50390
2,1251080,50392
2,1251080,50393
2,1251080,50394
2,1251080,50448
2,1251080,50450
2,1251080,50452
2,1251080,50454
2,1251080,50492
2,1251080,50500
2,1251080,50506
2,1251080,50511
2,1251080,50512
2,1251080,50514
2,1251080,50516
2,1251080,50518
2,1251080,50552
2,1251080,50554
2,1251080,50556
2,1251080,50558
2,1251080,50562
2,1251080,50564
2,1251080,50566
2,1251080,50567
2,1251080,50570
2,1251080,50572
2,1251080,50574
2,1251080,50582
2,1251080,50584
2,1251080,50586
2,1251080,50587
2,1251080,50588
2,1251460,32006
2,1251460,32008
2,1251460,32010
2,1251460,32012
2,1251460,32014
2,1251460,32016
2,1251460,32018
2,1251460,32022
2,1251460,32024
2,1251460,32031
2,1251460,32032
2,1251460,32034
2,1251460,32035
2,1251460,32037
2,1251460,32038
2,1251460,32039
2,1251460,32046
2,1251460,32048
2,1251460,32050
2,1251460,32060
2,1251460,32062
2,1251460,32064
2,1251460,32066
2,1251460,32068
2,1251460,32069
2,1251460,32070
2,1251460,32072
2,1251460,32074
2,1251460,32100
2,1251460,32101
2,1251460,32102
2,1251460,32104
2,1251460,32120
2,1251460,32126
2,1251460,32150
2,1251460,32155
2,1251460,32158
2,1251460,32198
2,1251460,32200
2,1251460,32250
2,1251460,32280
2,1251460,32308
2,1251460,32314
2,1251460,32316
2,1251460,32340
2,1251460,32350
2,1251460,32354
2,1251460,32360
2,1251460,32400
2,1251460,32405
2,1251460,32415
2,1251460,32418
2,1251460,32420
2,1251460,32450
2,1251460,32454
2,1251460,32508
2,1251460,32512
2,1251460,32514
3,11126122,91200
3,1223738,81700
3,1224085,11104
3,1225018,43000
3,1225187,30450
3,1225514,80600
3,1227217,80615
3,1227300,22100
3,1228051,21120
3,1229293,61300
3,1229724,32500
3,1229901,51000
3,1230613,11830
3,1231410,12500
3,1232783,22200
3,1233369,11500
3,1234633,10400
3,1234808,91000
3,1235000,11550
3,1235107,50300
3,1235846,81000
3,1235855,21000
3,1236150,41000
3,1236854,10280
3,1238427,60200
3,1239593,10600
3,1240622,11600
3,1240723,71000
3,1241076,91400
3,1241750,11320
3,1241964,12000
3,1242110,32300
3,1242571,20300
3,1243936,10200
3,1244178,80240
3,1244596,22000
3,1244713,90160
3,1244926,82000
3,1246000,20500
3,1246007,11000
3,1248749,21100
3,1249145,61000
3,1249808,90354
3,1249931,12070
3,1249978,80500
3,1250066,82400
3,1250161,30000
3,1251459,32000
3,1251568,82100
3,1251574,80300
