parent_code,code,name,aliases
3514211,8583859,Abalá,
3514211,8583860,Acanceh,
3514211,8583861,Akil,
3514211,8583862,Baca,
3514211,8583863,Bokobá,
3514211,8583864,Buctzotz,
3514211,8583865,Cacalchén,
3514211,8583866,Calotmul,
3514211,8583867,Cansahcab,
3514211,8583868,Cantamayec,
3514211,8583869,Celestún,
3514211,8583870,Cenotillo,
3514211,8583874,Chacsinkín,
3514211,8583875,Chankom,
3514211,8583876,Chapab,
3514211,8583877,Chemax,
3514211,8583879,Chichimilá,
3514211,8583878,Chicxulub Pueblo,
3514211,8583880,Chikindzonot,
3514211,8583881,Chocholá,
3514211,8583882,Chumayel,
3514211,8583871,Conkal,
3514211,8583872,Cuncunul,
3514211,8583873,Cuzamá,
3514211,8583883,Dzán,
3514211,8583884,Dzemul,
3514211,8583885,Dzidzantún,
3514211,8583886,Dzilam de Bravo,
3514211,8583887,Dzilam González,
3514211,8583888,Dzitás,
3514211,8583889,Dzoncauich,
3514211,8583890,Espita,
3514211,8583891,Halachó,
3514211,8583892,Hocabá,
3514211,8583893,Hoctún,
3514211,8583894,Homún,
3514211,8583895,Huhí,
3514211,8583896,Hunucmá,
3514211,8583897,Ixil,
3514211,8583898,Izamal,
3514211,8583899,Kanasín,
3514211,8583900,Kantunil,
3514211,8583901,Kaua,
3514211,8583902,Kinchil,
3514211,8583903,Kopomá,
3514211,8583904,Mama,
3514211,8583905,Maní,
3514211,8583906,Maxcanú,
3514211,8583907,Mayapán,
3514211,8583908,Mérida,
3514211,8583909,Mocochá,
3514211,8583910,Motul,
3514211,8583911,Muna,
3514211,8583912,Muxupip,
3514211,8583913,Opichén,
3514211,8583914,Oxkutzcab,
3514211,8583915,Panabá,
3514211,8583916,Peto,
3514211,8583917,Progreso,
3514211,8583918,Quintana Roo,
3514211,8583919,Río Lagartos,
3514211,8583920,Sacalum,
3514211,8583921,Samahil,
3514211,8583923,San Felipe,
3514211,8583922,Sanahcat,
3514211,8583924,Santa Elena,
3514211,8583925,Seyé,
3514211,8583926,Sinanché,
3514211,8583927,Sotuta,
3514211,8583928,Sucilá,
3514211,8583929,Sudzal,
3514211,8583186,Suma,
3514211,8583291,Tahdziú,
3514211,8583930,Tahmek,
3514211,8583931,Teabo,
3514211,8583932,Tecoh,
3514211,8583933,Tekal de Venegas,
3514211,8583934,Tekantó,
3514211,8583935,Tekax,
3514211,8583936,Tekit,
3514211,8583937,Tekom,
3514211,8583938,Telchac Pueblo,
3514211,8583939,Telchac Puerto,
3514211,8583940,Temax,
3514211,8583941,Temozón,
3514211,8583942,Tepakán,
3514211,8583943,Tetiz,
3514211,8583944,Teya,
3514211,8583945,Ticul,
3514211,8583946,Timucuy,
3514211,8583947,Tinum,
3514211,8583948,Tixcacalcupul,
3514211,8583949,Tixkokob,
3514211,8583950,Tixmehuac,
3514211,8583951,Tixpéhual,
3514211,8583952,Tizimín,
3514211,8583953,Tunkás,
3514211,8583954,Tzucacab,
3514211,8583955,Uayma,
3514211,8583956,Ucú,
3514211,8583957,Umán,
3514211,8583958,Valladolid,
3514211,8583959,Xocchel,
3514211,8583960,Yaxcabá,
3514211,8583961,Yaxkukul,
3514211,8583962,Yobaín,
3514780,8583549,Acajete,
3514780,8583550,Acatlán,
3514780,8583551,Acayucan,
3514780,8583552,Actopan,
3514780,8583553,Acula,
3514780,8583554,Acultzingo,
3514780,8583850,Agua Dulce,
3514780,8583806,Álamo Temapache,
3514780,8583556,Alpatláhuac,
3514780,8583557,Alto Lucero de Gutiérrez Barrios,
3514780,8583558,Altotonga,
3514780,8583559,Alvarado,
3514780,8583560,Amatitlán,
3514780,8583562,Amatlán de los Reyes,
3514780,8583563,Angel R. Cabada,
3514780,8583565,Apazapan,
3514780,8583566,Aquila,
3514780,8583567,Astacinga,
3514780,8583568,Atlahuilco,
3514780,8583570,Atoyac,
3514780,8583571,Atzacan,
3514780,8583572,Atzalan,
3514780,8583574,Ayahualulco,
3514780,8583575,Banderilla,
3514780,8583775,Benito Juárez,
3514780,8583576,Boca del Río,
3514780,8583577,Calcahualco,
3514780,8583555,Camarón de Tejeda,
3514780,8583578,Camerino Z. Mendoza,
3514780,8583854,Carlos A. Carrillo,
3514780,8583579,Carrillo Puerto,
3514780,8583803,Castillo de Teayo,
3514780,8583580,Catemaco,
3514780,8583581,Cazones de Herrera,
3514780,8583582,Cerro Azul,
3514780,8583700,Chacaltianguis,
3514780,8583701,Chalma,
3514780,8583702,Chiconamel,
3514780,8583703,Chiconquiaco,
3514780,8583704,Chicontepec,
3514780,8583705,Chinameca,
3514780,8583706,Chinampa de Gorostiza,
3514780,8583708,Chocamán,
3514780,8583709,Chontla,
3514780,8583710,Chumatlán,
3514780,8583583,Citlaltépetl,
3514780,8583584,Coacoatzintla,
3514780,8583585,Coahuitlán,
3514780,8583586,Coatepec,
3514780,8583587,Coatzacoalcos,
3514780,8583588,Coatzintla,
3514780,8583589,Coetzala,
3514780,8583590,Colipa,
3514780,8583591,Comapa,
3514780,8583592,Córdoba,
3514780,8583593,Cosamaloapan de Carpio,
3514780,8583594,Cosautlán de Carvajal,
3514780,8583693,Coscomatepec,
3514780,8583694,Cosoleacaque,
3514780,8583695,Cotaxtla,
3514780,8583696,Coxquihui,
3514780,8583697,Coyutla,
3514780,8583698,Cuichapa,
3514780,8583699,Cuitláhuac,
3514780,8583851,El Higo,
3514780,8583711,Emiliano Zapata,
3514780,8583712,Espinal,
3514780,8583713,Filomeno Mata,
3514780,8583714,Fortín,
3514780,8583715,Gutiérrez Zamora,
3514780,8583716,Hidalgotitlán,
3514780,7778821,Huatusco,
3514780,8583717,Huayacocotla,
3514780,8583718,Hueyapan de Ocampo,
3514780,8583719,Huiloapan de Cuauhtémoc,
3514780,8583720,Ignacio de la Llave,
3514780,8583721,Ilamatlán,
3514780,8583722,Isla,
3514780,8583723,Ixcatepec,
3514780,8583724,Ixhuacán de los Reyes,
3514780,8583728,Ixhuatlán de Madero,
3514780,8583725,Ixhuatlán del Café,
3514780,8583727,Ixhuatlán del Sureste,
3514780,8583726,Ixhuatlancillo,
3514780,8583730,Ixtaczoquitlán,
3514780,8583731,Jalacingo,
3514780,8583733,Jalcomulco,
3514780,8583734,Jáltipan,
3514780,8583735,Jamapa,
3514780,8583736,Jesús Carranza,
3514780,8583738,Jilotepec,
3514780,8583815,José Azueta,
3514780,8583739,Juan Rodríguez Clara,
3514780,8583740,Juchique de Ferrer,
3514780,8583564,La Antigua,
3514780,8583772,La Perla,
3514780,8583741,Landero y Coss,
3514780,8583707,Las Choapas,
3514780,8583752,Las Minas,
3514780,8583778,Las Vigas de Ramírez,
3514780,8583742,Lerdo de Tejada,
3514780,8583783,Los Reyes,
3514780,8583743,Magdalena,
3514780,8583744,Maltrata,
3514780,8583745,Manlio Fabio Altamirano,
3514780,8583746,Mariano Escobedo,
3514780,8583747,Martínez de la Torre,
3514780,8583748,Mecatlán,
3514780,8583749,Mecayapan,
3514780,8583750,Medellín,
3514780,8583751,Miahuatlán,
3514780,8583753,Minatitlán,
3514780,8583754,Misantla,
3514780,8583755,Mixtla de Altamirano,
3514780,8583756,Moloacán,
3514780,8583729,Municipio de Ixmatlahuacan,Ixmatlahuacan
3514780,8583785,Municipio de Saltabarranca,Saltabarranca
3514780,8583858,Municipio de Santiago Sochiapan,Santiago Sochiapan
3514780,8583829,Municipio de Tlapacoyan,Tlapacoyan
3514780,8583853,Municipio de Tres Valles,Tres Valles
3514780,8583836,Municipio de Tuxtilla,Tuxtilla
3514780,8583852,Nanchital de Lázaro Cárdenas del Río,
3514780,8583757,Naolinco,
3514780,8583758,Naranjal,
3514780,8583561,Naranjos Amatlán,
3514780,8583759,Nautla,
3514780,8583760,Nogales,
3514780,8583761,Oluta,
3514780,8583762,Omealca,
3514780,8583763,Orizaba,
3514780,8583764,Otatitlán,
3514780,8583765,Oteapan,
3514780,8583766,Ozuluama de Mascareñas,
3514780,8583767,Pajapan,
3514780,8583768,Pánuco,
3514780,8583769,Papantla,
3514780,8583771,Paso de Ovejas,
3514780,8583770,Paso del Macho,
3514780,8583773,Perote,
3514780,8583774,Platón Sánchez,
3514780,8583776,Playa Vicente,
3514780,8583777,Poza Rica de Hidalgo,
3514780,8583779,Pueblo Viejo,
3514780,8583780,Puente Nacional,
3514780,8583781,Rafael Delgado,
3514780,8583782,Rafael Lucio,
3514780,8583784,Río Blanco,
3514780,8583786,San Andrés Tenejapan,
3514780,8583787,San Andrés Tuxtla,
3514780,8583788,San Juan Evangelista,
3514780,8583857,San Rafael,
3514780,8583789,Santiago Tuxtla,
3514780,8583790,Sayula de Alemán,
3514780,8583792,Sochiapa,
3514780,8583791,Soconusco,
3514780,8583793,Soledad Atzompa,
3514780,8583794,Soledad de Doblado,
3514780,8583795,Soteapan,
3514780,8583796,Tamalín,
3514780,8583797,Tamiahua,
3514780,8583798,Tampico Alto,
3514780,8583799,Tancoco,
3514780,8583800,Tantima,
3514780,8583801,Tantoyuca,
3514780,8583855,Tatahuicapan de Juárez,
3514780,8583802,Tatatila,
3514780,8583804,Tecolutla,
3514780,8583805,Tehuipango,
3514780,8583807,Tempoal,
3514780,8583808,Tenampa,
3514780,8583809,Tenochtitlán,
3514780,8583810,Teocelo,
3514780,8583811,Tepatlaxco,
3514780,8583812,Tepetlán,
3514780,8583813,Tepetzintla,
3514780,8583814,Tequila,
3514780,8583816,Texcatepec,
3514780,8583817,Texhuacán,
3514780,8583818,Texistepec,
3514780,8583819,Tezonapa,
3514780,8583820,Tierra Blanca,
3514780,8583821,Tihuatlán,
3514780,8583826,Tlachichilco,
3514780,8583822,Tlacojalpan,
3514780,8583823,Tlacolulan,
3514780,8583824,Tlacotalpan,
3514780,8583825,Tlacotepec de Mejía,
3514780,8583827,Tlalixcoyan,
3514780,8583828,Tlalnelhuayocan,
3514780,8583573,Tlaltetela,
3514780,8583830,Tlaquilpa,
3514780,8583831,Tlilapan,
3514780,8583832,Tomatlán,
3514780,8583833,Tonayán,
3514780,8583834,Totutla,
3514780,8583835,Tuxpan,
3514780,8583837,Ursulo Galván,
3514780,8583856,Uxpanapa,
3514780,8583838,Vega de Alatorre,
3514780,8583839,Veracruz,
3514780,8583840,Villa Aldama,
3514780,8583732,Xalapa,
3514780,8583737,Xico,
3514780,8583841,Xoxocotla,
3514780,8583842,Yanga,
3514780,8583843,Yecuatla,
3514780,8583844,Zacualpan,
3514780,8583845,Zaragoza,
3514780,8583846,Zentla,
3514780,8583847,Zongolica,
3514780,8583848,Zontecomatlán de López y Fuentes,
3514780,8583849,Zozocolco de Hidalgo,
3515359,8583511,Acuamanala de Miguel Hidalgo,
3515359,8583490,Amaxac de Guerrero,
3515359,8583491,Apetatitlán de Antonio Carvajal,
3515359,8583494,Apizaco,
3515359,8583492,Atlangatepec,
3515359,8583493,Atltzayanca,
3515359,8583569,Benito Juárez,
3515359,8583495,Calpulalpan,
3515359,8583499,Chiautempan,
3515359,8583507,Contla de Juan Cuamatzi,
3515359,8583497,Cuapiaxtla,
3515359,8583498,Cuaxomulco,
3515359,8583496,El Carmen Tequexquitla,
3515359,8583534,Emiliano Zapata,
3515359,8583501,Españita,
3515359,8583502,Huamantla,
3515359,8583503,Hueyotlipan,
3515359,8583504,Ixtacuixtla de Mariano Matamoros,
3515359,8583505,Ixtenco,
3515359,8583536,La Magdalena Tlaltelulco,
3515359,8583535,Lázaro Cárdenas,
3515359,8583506,Mazatecochco de José María Morelos,
3515359,8583500,Muñoz de Domingo Arenas,
3515359,8583510,Nanacamilpa de Mariano Arista,
3515359,8583512,Natívitas,
3515359,8583513,Panotla,
3515359,8583530,Papalotla de Xicohténcatl,
3515359,8583537,San Damián Texóloc,
3515359,8583538,San Francisco Tetlanohcan,
3515359,8583539,San Jerónimo Zacualpan,
3515359,8583540,San José Teacalco,
3515359,8583541,San Juan Huactzinco,
3515359,8583542,San Lorenzo Axocomanitla,
3515359,8583543,San Lucas Tecopilco,
3515359,8583514,San Pablo del Monte,
3515359,8583509,Sanctórum de Lázaro Cárdenas,
3515359,8583544,Santa Ana Nopalucan,
3515359,8583545,Santa Apolonia Teacalco,
3515359,8583546,Santa Catarina Ayometla,
3515359,8583547,Santa Cruz Quilehtla,
3515359,8583515,Santa Cruz Tlaxcala,
3515359,8583548,Santa Isabel Xiloxoxtla,
3515359,8583516,Tenancingo,
3515359,8583517,Teolocholco,
3515359,8583508,Tepetitla de Lardizábal,
3515359,8583518,Tepeyanco,
3515359,8583519,Terrenate,
3515359,8583520,Tetla de la Solidaridad,
3515359,8583521,Tetlatlahuca,
3515359,8583522,Tlaxcala,
3515359,8583523,Tlaxco,
3515359,8583524,Tocatlán,
3515359,8583525,Totolac,
3515359,8583527,Tzompantepec,
3515359,8583528,Xaloztoc,
3515359,8583529,Xaltocan,
3515359,8583531,Xicohtzinco,
3515359,8583532,Yauhquemehcan,
3515359,8583533,Zacatelco,
3515359,8583526,Ziltlaltépec de Trinidad Sánchez Santos,
3516391,8583451,Abasolo,
3516391,8581710,Aldama,
3516391,8583452,Altamira,
3516391,8583453,Antiguo Morelos,
3516391,8583454,Burgos,
3516391,8583455,Bustamante,
3516391,8583456,Camargo,
3516391,8583457,Casas,
3516391,8583458,Ciudad Madero,
3516391,8583459,Cruillas,
3516391,8583468,El Mante,
3516391,8583460,Gómez Farías,
3516391,8583461,González,
3516391,8583462,Güémez,Gueemez
3516391,8583463,Guerrero,
3516391,8583464,Gustavo Díaz Ordaz,
3516391,8583465,Hidalgo,
3516391,8582846,Jaumave,
3516391,8583147,Jiménez,
3516391,8583466,Llera,
3516391,8583467,Mainero,
3516391,8583469,Matamoros,
3516391,8583470,Méndez,
3516391,8583471,Mier,
3516391,8583472,Miguel Alemán,
3516391,8583473,Miquihuana,
3516391,8583474,Nuevo Laredo,
3516391,8583475,Nuevo Morelos,
3516391,8583476,Ocampo,
3516391,8583477,Padilla,
3516391,8583478,Palmillas,
3516391,7733376,Reynosa,
3516391,8583479,Río Bravo,
3516391,8583480,San Carlos,
3516391,8583481,San Fernando,
3516391,8583482,San Nicolás,
3516391,8583483,Soto la Marina,
3516391,8583484,Tampico,
3516391,8583485,Tula,
3516391,8583486,Valle Hermoso,
3516391,8583487,Victoria,
3516391,8583488,Villagrán,
3516391,8583489,Xicoténcatl,
3516458,8583436,Balancán,
3516458,8583437,Cárdenas,
3516458,8582719,Centla,
3516458,8583010,Centro,
3516458,8583438,Comalcalco,
3516458,8583439,Cunduacán,
3516458,8583440,Emiliano Zapata,
3516458,8583441,Huimanguillo,
3516458,8583442,Jalapa,
3516458,8583443,Jalpa de Méndez,
3516458,8583444,Jonuta,
3516458,8583445,Macuspana,
3516458,8583446,Nacajuca,
3516458,8583447,Paraíso,
3516458,8583448,Tacotalpa,
3516458,8583449,Teapa,
3516458,8583450,Tenosique,
3520887,8583288,Bacalar,
3520887,8581707,Benito Juárez,
3520887,8583280,Cozumel,
3520887,8583281,Felipe Carrillo Puerto,
3520887,8583282,Isla Mujeres,
3520887,8583284,José María Morelos,
3520887,8583285,Lázaro Cárdenas,
3520887,8583283,Othón P. Blanco,
3520887,11789146,Puerto Morelos,Municipio de Puerto Morelos
3520887,8583286,Solidaridad,
3520887,8583287,Tulum,
3520914,8583262,Amealco de Bonfil,
3520914,8583264,Arroyo Seco,
3520914,8583265,Cadereyta de Montes,
3520914,8583266,Colón,
3520914,8583267,Corregidora,
3520914,8583272,El Marqués,
3520914,8583268,Ezequiel Montes,
3520914,8583269,Huimilpan,
3520914,8583270,Jalpan de Serra,
3520914,8583271,Landa de Matamoros,
3520914,8583273,Pedro Escobedo,
3520914,8583274,Peñamiller,
3520914,8583263,Pinal de Amoles,
3520914,8583275,Querétaro,
3520914,8583276,San Joaquín,
3520914,8583277,San Juan del Río,
3520914,8583278,Tequisquiapan,
3520914,8583279,Tolimán,
3521082,8583047,Acajete,
3521082,8583048,Acateno,
3521082,8583049,Acatlán,
3521082,8583050,Acatzingo,
3521082,8583051,Acteopan,
3521082,8583052,Ahuacatlán,
3521082,8583053,Ahuatlán,
3521082,8583054,Ahuazotepec,
3521082,8583055,Ahuehuetitla,
3521082,8583056,Ajalpan,
3521082,8583057,Albino Zertuche,
3521082,8583058,Aljojuca,
3521082,8583060,Amixtlán,
3521082,8583061,Amozoc,
3521082,8583062,Aquixtla,
3521082,8583063,Atempan,
3521082,8583064,Atexcal,
3521082,8583124,Atlequizayan,
3521082,8583065,Atlixco,
3521082,8583066,Atoyatempan,
3521082,8583067,Atzala,
3521082,8583068,Atzitzihuacán,
3521082,8583069,Atzitzintla,
3521082,8583070,Axutla,
3521082,8583071,Ayotoxco de Guerrero,
3521082,8583072,Calpan,
3521082,8583073,Caltepec,
3521082,8583074,Camocuautla,
3521082,8583143,Cañada Morelos,
3521082,8583075,Caxhuacan,
3521082,8583090,Chalchicomula de Sesma,
3521082,8583091,Chapulco,
3521082,8581717,Chiautla,
3521082,8583092,Chiautzingo,
3521082,8583094,Chichiquila,
3521082,8583093,Chiconcuautla,
3521082,8583095,Chietla,
3521082,8583096,Chigmecatitlán,
3521082,8583097,Chignahuapan,
3521082,8583098,Chignautla,
3521082,8583099,Chila,
3521082,8583100,Chila de la Sal,
3521082,8583102,Chilchotla,
3521082,8583103,Chinantla,
3521082,8583076,Coatepec,
3521082,8583077,Coatzingo,
3521082,8583078,Cohetzala,
3521082,8583079,Cohuecan,
3521082,8583080,Coronango,
3521082,8583081,Coxcatlán,
3521082,8583082,Coyomeapan,
3521082,8581719,Coyotepec,
3521082,8583083,Cuapiaxtla de Madero,
3521082,8583084,Cuautempan,
3521082,8583085,Cuautinchán,
3521082,8583086,Cuautlancingo,
3521082,8583087,Cuayuca de Andrade,
3521082,8583088,Cuetzalan del Progreso,
3521082,8583089,Cuyoaco,
3521082,8583104,Domingo Arenas,
3521082,8583105,Eloxochitlán,
3521082,8583106,Epatlán,
3521082,8583107,Esperanza,
3521082,8583108,Francisco Z. Mena,
3521082,8583109,General Felipe Ángeles,
3521082,8583110,Guadalupe,
3521082,8583111,Guadalupe Victoria,
3521082,8583112,Hermenegildo Galeana,
3521082,8583101,Honey,
3521082,8583113,Huaquechula,
3521082,8583114,Huatlatlauca,
3521082,8583115,Huauchinango,
3521082,8583116,Huehuetla,
3521082,8583117,Huehuetlán el Chico,
3521082,8583196,Huehuetlán el Grande,
3521082,8583118,Huejotzingo,
3521082,8583119,Hueyapan,
3521082,8583120,Hueytamalco,
3521082,8583121,Hueytlalpan,
3521082,8583122,Huitzilan de Serdán,
3521082,8583123,Huitziltepec,
3521082,8583125,Ixcamilpa de Guerrero,
3521082,8583126,Ixcaquixtla,
3521082,8583127,Ixtacamaxtitlán,
3521082,8583128,Ixtepec,
3521082,8583129,Izúcar de Matamoros,
3521082,8583130,Jalpan,
3521082,8583131,Jolalpan,
3521082,8583132,Jonotla,
3521082,8583133,Jopala,
3521082,8583134,Juan C. Bonilla,
3521082,8583135,Juan Galindo,
3521082,8583136,Juan N. Méndez,
3521082,8583139,La Magdalena Tlatlauquitepec,
3521082,8583137,Lafragua,
3521082,8583138,Libres,
3521082,8583163,Los Reyes de Juárez,
3521082,8583140,Mazapiltepec de Juárez,
3521082,8583141,Mixtla,
3521082,8583142,Molcaxac,
3521082,8583059,Municipio de Altepexi,Altepexi
3521082,8583144,Naupan,
3521082,8583145,Nauzontla,
3521082,8583146,Nealtican,
3521082,8583148,Nicolás Bravo,
3521082,8583149,Nopalucan,
3521082,8583150,Ocotepec,
3521082,8583151,Ocoyucan,
3521082,8583152,Olintla,
3521082,8583153,Oriental,
3521082,8583154,Pahuatlán,
3521082,8583155,Palmar de Bravo,
3521082,8583156,Pantepec,
3521082,8583157,Petlalcingo,
3521082,8583158,Piaxtla,
3521082,8583159,Puebla de Zaragoza,Puebla
3521082,8583160,Quecholac,
3521082,8583161,Quimixtlán,
3521082,8583162,Rafael Lara Grajales,
3521082,8583164,San Andrés Cholula,
3521082,8583165,San Antonio Cañada,
3521082,8583166,San Diego la Mesa Tochimiltzingo,
3521082,8583167,San Felipe Teotlalcingo,
3521082,8583168,San Felipe Tepatlán,
3521082,8583169,San Gabriel Chilac,
3521082,8583170,San Gregorio Atzompa,
3521082,8583171,San Jerónimo Tecuanipan,
3521082,8583172,San Jerónimo Xayacatlán,
3521082,8583173,San José Chiapa,
3521082,8583174,San José Miahuatlán,
3521082,8583175,San Juan Atenco,
3521082,8583176,San Juan Atzompa,
3521082,8583177,San Martín Texmelucan,
3521082,8583178,San Martín Totoltepec,
3521082,8583179,San Matías Tlalancaleca,
3521082,8583180,San Miguel Ixitlán,
3521082,8583181,San Miguel Xoxtla,
3521082,8583182,San Nicolás Buenos Aires,
3521082,8583183,San Nicolás de los Ranchos,
3521082,8583184,San Pablo Anicano,
3521082,8583185,San Pedro Cholula,
3521082,8583187,San Pedro Yeloixtlahuaca,
3521082,8583188,San Salvador el Seco,
3521082,8583189,San Salvador el Verde,
3521082,8583190,San Salvador Huixcolotla,
3521082,8583191,San Sebastián Tlacotepec,
3521082,8583192,Santa Catarina Tlaltempan,
3521082,8583193,Santa Inés Ahuatempan,
3521082,8583194,Santa Isabel Cholula,
3521082,8583195,Santiago Miahuatlán,
3521082,8583197,Santo Tomás Hueyotlipan,
3521082,8583198,Soltepec,
3521082,8583199,Tecali de Herrera,
3521082,8583200,Tecamachalco puebla,Tecamachalco
3521082,8583201,Tecomatlán,
3521082,8583202,Tehuacán,
3521082,8583203,Tehuitzingo,
3521082,8583204,Tenampulco,
3521082,8583205,Teopantlán,
3521082,8583206,Teotlalco,
3521082,8583207,Tepanco de López,
3521082,8583208,Tepango de Rodríguez,
3521082,8583209,Tepatlaxco de Hidalgo,
3521082,8583210,Tepeaca,
3521082,8583211,Tepemaxalco,
3521082,8583212,Tepeojuma,
3521082,8583213,Tepetzintla,
3521082,8583214,Tepexco,
3521082,8583215,Tepexi de Rodríguez,
3521082,8583216,Tepeyahualco,
3521082,8583217,Tepeyahualco de Cuauhtémoc,
3521082,8583218,Tetela de Ocampo,
3521082,8583219,Teteles de Avila Castillo,
3521082,8583220,Teziutlán,
3521082,8583221,Tianguismanalco,
3521082,8583222,Tilapa,
3521082,8583225,Tlachichuca,
3521082,8583223,Tlacotepec de Benito Juárez,
3521082,8583224,Tlacuilotepec,
3521082,8583226,Tlahuapan,
3521082,8583227,Tlaltenango,
3521082,8583228,Tlanepantla,
3521082,8583229,Tlaola,
3521082,8583230,Tlapacoya,
3521082,8583231,Tlapanalá,
3521082,8583232,Tlatlauquitepec,
3521082,8583233,Tlaxco,
3521082,8583234,Tochimilco,
3521082,8583235,Tochtepec,
3521082,8583236,Totoltepec de Guerrero,
3521082,8583237,Tulcingo,
3521082,8583238,Tuzamapan de Galeana,
3521082,8583239,Tzicatlacoyan,
3521082,8581714,Venustiano Carranza,
3521082,8583240,Vicente Guerrero,
3521082,8583241,Xayacatlán de Bravo,
3521082,8583242,Xicotepec,
3521082,8583243,Xicotlán,
3521082,8583244,Xiutetelco,
3521082,8583245,Xochiapulco,
3521082,8583246,Xochiltepec,
3521082,8583247,Xochitlán de Vicente Suárez,
3521082,8583248,Xochitlán Todos Santos,
3521082,8583249,Yaonáhuac,
3521082,8583250,Yehualtepec,
3521082,8582455,Zacapala,
3521082,8583251,Zacapoaxtla,
3521082,8583252,Zacatlán,
3521082,8583253,Zapotitlán,
3521082,8583254,Zapotitlán de Méndez,
3521082,8583255,Zaragoza,
3521082,8583256,Zautla,
3521082,8583257,Zihuateutla,
3521082,8583258,Zinacatepec,
3521082,8583259,Zongozotla,
3521082,8583260,Zoquiapan,
3521082,8583261,Zoquitlán,
3522509,8582472,Abejones,
3522509,8582473,Acatlán de Pérez Figueroa,
3522509,8582646,Ánimas Trujano,
3522509,8582474,Asunción Cacalotepec,
3522509,8582475,Asunción Cuyotepeji,
3522509,8582476,Asunción Ixtaltepec,
3522509,8582477,Asunción Nochixtlán,
3522509,8582478,Asunción Ocotlán,
3522509,8582479,Asunción Tlacolulita,
3522509,8582480,Ayotzintepec,
3522509,8582482,Calihualá,
3522509,8582483,Candelaria Loxicha,
3522509,8582721,Capulálpam de Méndez,
3522509,8582496,Chahuites,
3522509,8582497,Chalcatongo de Hidalgo,
3522509,8582498,Chiquihuitlán de Benito Juárez,
3522509,8582484,Ciénega de Zimatlán,
3522509,8582485,Ciudad Ixtepec,
3522509,8582486,Coatecas Altas,
3522509,8582487,Coicoyán de las Flores,
3522509,8582489,Concepción Buenavista,
3522509,8582490,Concepción Pápalo,
3522509,8582491,Constancia del Rosario,
3522509,8582492,Cosolapa,
3522509,8582493,Cosoltepec,
3522509,8582494,Cuilápam de Guerrero,
3522509,8582495,Cuyamecalco Villa de Zaragoza,
3522509,8582481,El Barrio de la Soledad,
3522509,8582501,El Espinal,
3522509,8582500,Eloxochitlán de Flores Magón,
3522509,8582503,Fresnillo de Trujano,
3522509,8582505,Guadalupe de Ramírez,
3522509,8582504,Guadalupe Etla,
3522509,8582506,Guelatao de Juárez,
3522509,8582507,Guevea de Humboldt,
3522509,8582499,Heroica Ciudad de Ejutla de Crespo,
3522509,8582510,Heroica Ciudad de Huajuapan de León,
3522509,8582514,Heroica Ciudad de Juchitán de Zaragoza,
3522509,8582872,Heroica Ciudad de Tlaxiaco,
3522509,8583025,"Heroica Villa Tezoatlán de Segura y Luna, Cuna de la Independencia de Oaxaca",
3522509,8582511,Huautepec,
3522509,8582512,Huautla de Jiménez,
3522509,8582536,Ixpantepec Nieves,
3522509,8582513,Ixtlán de Juárez,
3522509,8582488,La Compañía,
3522509,8582540,La Pe,
3522509,8582547,La Reforma,
3522509,8583032,La Trinidad Vista Hermosa,
3522509,8582515,Loma Bonita,
3522509,8582516,Magdalena Apasco,
3522509,8582517,Magdalena Jaltepec,
3522509,8582519,Magdalena Mixtepec,
3522509,8582520,Magdalena Ocotlán,
3522509,8582521,Magdalena Peñasco,
3522509,8582522,Magdalena Teitipac,
3522509,8582523,Magdalena Tequisistlán,
3522509,8582524,Magdalena Tlacotepec,
3522509,8583038,Magdalena Yodocono de Porfirio Díaz,
3522509,8582525,Magdalena Zahuatlán,
3522509,8582526,Mariscala de Juárez,
3522509,8582527,Mártires de Tacubaya,
3522509,8582528,Matías Romero Avendaño,
3522509,8582529,Mazatlán Villa de Flores,
3522509,8582508,Mesones Hidalgo,
3522509,8582530,Miahuatlán de Porfirio Díaz,
3522509,8582531,Mixistlán de la Reforma,
3522509,8582532,Monjas,
3522509,8582873,Municipio de Ayoquezco de Aldama,Ayoquezco de Aldama
3522509,8582745,Municipio de San Miguel Mixtepec,San Miguel Mixtepec
3522509,8582748,Municipio de San Miguel Piedras,San Miguel Piedras
3522509,8582749,Municipio de San Miguel Quetzaltepec,San Miguel Quetzaltepec
3522509,8582760,Municipio de San Miguel Tlacotepec,San Miguel Tlacotepec
3522509,8582767,Municipio de San Pablo Etla,San Pablo Etla
3522509,8582769,Municipio de San Pablo Huixtepec,San Pablo Huixtepec
3522509,8582787,Municipio de San Pedro Jocotipac,San Pedro Jocotipac
3522509,8582796,Municipio de San Pedro Ocopetatillo,San Pedro Ocopetatillo
3522509,8582806,Municipio de San Pedro Topiltepec,San Pedro Topiltepec
3522509,8582933,Municipio de Santiago Comaltepec,Santiago Comaltepec
3522509,8582940,Municipio de Santiago Ixcuintepec,Santiago Ixcuintepec
3522509,8582962,Municipio de Santiago Tenango,Santiago Tenango
3522509,8582968,Municipio de Santiago Tillo,Santiago Tillo
3522509,8582973,Municipio de Santiago Yaveo,Santiago Yaveo
3522509,8582992,Municipio de Santo Domingo Tepuxtepec,Santo Domingo Tepuxtepec
3522509,8582999,Municipio de Santo Domingo Yodohino,Santo Domingo Yodohino
3522509,8583031,Municipio de Trinidad Zaáchila,Trinidad Zaachila
3522509,8582533,Natividad,
3522509,8582534,Nazareno Etla,
3522509,8582535,Nejapa de Madero,
3522509,8582979,Nuevo Zoquiápam,
3522509,8582538,Oaxaca de Juárez,
3522509,8582539,Ocotlán de Morelos,
3522509,8582541,Pinotepa de Don Luis,
3522509,8582542,Pluma Hidalgo,
3522509,8582544,Putla Villa de Guerrero,
3522509,8582546,Reforma de Pineda,
3522509,8582548,Reyes Etla,
3522509,8582549,Rojas de Cuauhtémoc,
3522509,8582550,Salina Cruz,
3522509,8582551,San Agustín Amatengo,
3522509,8582552,San Agustín Atenango,
3522509,8582553,San Agustín Chayuco,
3522509,8582554,San Agustín de las Juntas,
3522509,8582555,San Agustín Etla,
3522509,8582556,San Agustín Loxicha,
3522509,8582557,San Agustín Tlacotepec,
3522509,8582558,San Agustín Yatareni,
3522509,8582559,San Andrés Cabecera Nueva,
3522509,8582560,San Andrés Dinicuiti,
3522509,8582561,San Andrés Huaxpaltepec,
3522509,8582562,San Andrés Huayápam,
3522509,8582563,San Andrés Ixtlahuaca,
3522509,8582564,San Andrés Lagunas,
3522509,8582565,San Andrés Nuxiño,
3522509,8582566,San Andrés Paxtlán,
3522509,8582567,San Andrés Sinaxtla,
3522509,8582568,San Andrés Solaga,
3522509,8582569,San Andrés Teotilálpam,
3522509,8582570,San Andrés Tepetlapa,
3522509,8582571,San Andrés Yaá,
3522509,8582572,San Andrés Zabache,
3522509,8582573,San Andrés Zautla,
3522509,8582574,San Antonino Castillo Velasco,
3522509,8582575,San Antonino el Alto,
3522509,8582576,San Antonino Monte Verde,
3522509,8582577,San Antonio Acutla,
3522509,8582578,San Antonio de la Cal,
3522509,8582579,San Antonio Huitepec,
3522509,8582580,San Antonio Nanahuatípam,
3522509,8582581,San Antonio Sinicahua,
3522509,8582582,San Antonio Tepetlapa,
3522509,8582583,San Baltazar Chichicápam,
3522509,8582584,San Baltazar Loxicha,
3522509,8582585,San Baltazar Yatzachi el Bajo,
3522509,8582586,San Bartolo Coyotepec,
3522509,8582592,San Bartolo Soyaltepec,
3522509,8582593,San Bartolo Yautepec,
3522509,8582587,San Bartolomé Ayautla,
3522509,8582588,San Bartolomé Loxicha,
3522509,8582589,San Bartolomé Quialana,
3522509,8582590,San Bartolomé Yucuañe,
3522509,8582591,San Bartolomé Zoogocho,
3522509,8582594,San Bernardo Mixtepec,
3522509,8582595,San Blas Atempa,
3522509,8582596,San Carlos Yautepec,
3522509,8582597,San Cristóbal Amatlán,
3522509,8582598,San Cristóbal Amoltepec,
3522509,8582599,San Cristóbal Lachirioag,
3522509,8582600,San Cristóbal Suchixtlahuaca,
3522509,8582602,San Dionisio del Mar,
3522509,8582603,San Dionisio Ocotepec,
3522509,8582604,San Dionisio Ocotlán,
3522509,8582605,San Esteban Atatlahuca,
3522509,8582606,San Felipe Jalapa de Díaz,
3522509,8582607,San Felipe Tejalápam,
3522509,8582608,San Felipe Usila,
3522509,8582609,San Francisco Cahuacuá,
3522509,8582610,San Francisco Cajonos,
3522509,8582611,San Francisco Chapulapa,
3522509,8582612,San Francisco Chindúa,
3522509,8582613,San Francisco del Mar,
3522509,8582614,San Francisco Huehuetlán,
3522509,8582615,San Francisco Ixhuatán,
3522509,8582616,San Francisco Jaltepetongo,
3522509,8582617,San Francisco Lachigoló,
3522509,8582618,San Francisco Logueche,
3522509,8582619,San Francisco Nuxaño,
3522509,8582620,San Francisco Ozolotepec,
3522509,8582621,San Francisco Sola,
3522509,8582622,San Francisco Telixtlahuaca,
3522509,8582623,San Francisco Teopan,
3522509,8582624,San Francisco Tlapancingo,
3522509,8582625,San Gabriel Mixtepec,
3522509,8582626,San Ildefonso Amatlán,
3522509,8582627,San Ildefonso Sola,
3522509,8582628,San Ildefonso Villa Alta,
3522509,8582629,San Jacinto Amilpas,
3522509,8582630,San Jacinto Tlacotepec,
3522509,8582631,San Jerónimo Coatlán,
3522509,8582632,San Jerónimo Silacayoapilla,
3522509,8582633,San Jerónimo Sosola,
3522509,8582634,San Jerónimo Taviche,
3522509,8582635,San Jerónimo Tecóatl,
3522509,8583026,San Jerónimo Tlacochahuaya,
3522509,8582636,San Jorge Nuchita,
3522509,8582637,San José Ayuquila,
3522509,8582638,San José Chiltepec,
3522509,8582639,San José del Peñasco,
3522509,8582543,San José del Progreso,
3522509,8582640,San José Estancia Grande,
3522509,8582641,San José Independencia,
3522509,8582642,San José Lachiguiri,
3522509,8582643,San José Tenango,
3522509,8582644,San Juan Achiutla,
3522509,8582645,San Juan Atepec,
3522509,8582647,San Juan Bautista Atatlahuca,
3522509,8582648,San Juan Bautista Coixtlahuaca,
3522509,8582649,San Juan Bautista Cuicatlán,
3522509,8582650,San Juan Bautista Guelache,
3522509,8582652,San Juan Bautista Jayacatlán,
3522509,8582653,San Juan Bautista Lo de Soto,
3522509,8582654,San Juan Bautista Suchitepec,
3522509,8582656,San Juan Bautista Tlachichilco,
3522509,8582655,San Juan Bautista Tlacoatzintepec,
3522509,8582657,San Juan Bautista Tuxtepec,
3522509,8583035,San Juan Bautista Valle Nacional,
3522509,8582658,San Juan Cacahuatepec,
3522509,8582664,San Juan Chicomezúchil,
3522509,8582665,San Juan Chilateca,
3522509,8582659,San Juan Cieneguilla,
3522509,8582660,San Juan Coatzóspam,
3522509,8582661,San Juan Colorado,
3522509,8582662,San Juan Comaltepec,
3522509,8582663,San Juan Cotzocón,
3522509,8582679,San Juan de los Cués,
3522509,8582666,San Juan del Estado,
3522509,8582667,San Juan del Río,
3522509,8582668,San Juan Diuxi,
3522509,8582669,San Juan Evangelista Analco,
3522509,8582670,San Juan Guelavía,
3522509,8582671,San Juan Guichicovi,
3522509,8582672,San Juan Ihualtepec,
3522509,8582673,San Juan Juquila Mixes,
3522509,8582674,San Juan Juquila Vijanos,
3522509,8582675,San Juan Lachao,
3522509,8582676,San Juan Lachigalla,
3522509,8582677,San Juan Lajarcia,
3522509,8582678,San Juan Lalana,
3522509,8582680,San Juan Mazatlán,
3522509,8582681,San Juan Mixtepec -Dto. 08 -,
3522509,8582682,San Juan Mixtepec -Dto. 26 -,
3522509,8582683,San Juan Ñumí,
3522509,8582684,San Juan Ozolotepec,
3522509,8582685,San Juan Petlapa,
3522509,8582686,San Juan Quiahije,
3522509,8582687,San Juan Quiotepec,
3522509,8582688,San Juan Sayultepec,
3522509,8582689,San Juan Tabaá,
3522509,8582690,San Juan Tamazola,
3522509,8582691,San Juan Teita,
3522509,8582692,San Juan Teitipac,
3522509,8582693,San Juan Tepeuxila,
3522509,8582694,San Juan Teposcolula,
3522509,8582695,San Juan Yaeé,
3522509,8582696,San Juan Yatzona,
3522509,8582697,San Juan Yucuita,
3522509,8582698,San Lorenzo,
3522509,8582699,San Lorenzo Albarradas,
3522509,8582700,San Lorenzo Cacaotepec,
3522509,8582701,San Lorenzo Cuaunecuiltitla,
3522509,8582702,San Lorenzo Texmelúcan,
3522509,8582703,San Lorenzo Victoria,
3522509,8582704,San Lucas Camotlán,
3522509,8582705,San Lucas Ojitlán,
3522509,8582706,San Lucas Quiaviní,
3522509,8582707,San Lucas Zoquiápam,
3522509,8582708,San Luis Amatlán,
3522509,8582709,San Marcial Ozolotepec,
3522509,8582710,San Marcos Arteaga,
3522509,8582711,San Martín de los Cansecos,
3522509,8582712,San Martín Huamelúlpam,
3522509,8582713,San Martín Itunyoso,
3522509,8582714,San Martín Lachilá,
3522509,8582715,San Martín Peras,
3522509,8582716,San Martín Tilcajete,
3522509,8582717,San Martín Toxpalan,
3522509,8582718,San Martín Zacatepec,
3522509,8582720,San Mateo Cajonos,
3522509,8582722,San Mateo del Mar,
3522509,8582724,San Mateo Etlatongo,
3522509,8582725,San Mateo Nejápam,
3522509,8582726,San Mateo Peñasco,
3522509,8582727,San Mateo Piñas,
3522509,8582728,San Mateo Río Hondo,
3522509,8582729,San Mateo Sindihui,
3522509,8582730,San Mateo Tlapiltepec,
3522509,8582723,San Mateo Yoloxochitlán,
3522509,8583042,San Mateo Yucutindoo,
3522509,8582731,San Melchor Betaza,
3522509,8582732,San Miguel Achiutla,
3522509,8582733,San Miguel Ahuehuetitlán,
3522509,8582734,San Miguel Aloápam,
3522509,8582735,San Miguel Amatitlán,
3522509,8582736,San Miguel Amatlán,
3522509,8582738,San Miguel Chicahua,
3522509,8582739,San Miguel Chimalapa,
3522509,8582737,San Miguel Coatlán,
3522509,8582740,San Miguel del Puerto,
3522509,8582741,San Miguel del Río,
3522509,8582742,San Miguel Ejutla,
3522509,8582743,San Miguel el Grande,
3522509,8582744,San Miguel Huautla,
3522509,8582746,San Miguel Panixtlahuaca,
3522509,8582747,San Miguel Peras,
3522509,8582750,San Miguel Santa Flor,
3522509,8582752,San Miguel Soyaltepec,
3522509,8582753,San Miguel Suchixtepec,
3522509,8582755,San Miguel Tecomatlán,
3522509,8582756,San Miguel Tenango,
3522509,8582757,San Miguel Tequixtepec,
3522509,8582758,San Miguel Tilquiápam,
3522509,8582759,San Miguel Tlacamama,
3522509,8582761,San Miguel Tulancingo,
3522509,8582762,San Miguel Yotao,
3522509,8582763,San Nicolás,
3522509,8582764,San Nicolás Hidalgo,
3522509,8582765,San Pablo Coatlán,
3522509,8582766,San Pablo Cuatro Venados,
3522509,8582768,San Pablo Huitzo,
3522509,8582770,San Pablo Macuiltianguis,
3522509,8582771,San Pablo Tijaltepec,
3522509,8582772,San Pablo Villa de Mitla,
3522509,8582773,San Pablo Yaganiza,
3522509,8582774,San Pedro Amuzgos,
3522509,8582775,San Pedro Apóstol,
3522509,8582776,San Pedro Atoyac,
3522509,8582777,San Pedro Cajonos,
3522509,8582779,San Pedro Comitancillo,
3522509,8582778,San Pedro Coxcaltepec Cántaros,
3522509,8582780,San Pedro el Alto,
3522509,8582781,San Pedro Huamelula,
3522509,8582782,San Pedro Huilotepec,
3522509,8582783,San Pedro Ixcatlán,
3522509,8582784,San Pedro Ixtlahuaca,
3522509,8582785,San Pedro Jaltepetongo,
3522509,8582786,San Pedro Jicayán,
3522509,8582788,San Pedro Juchatengo,
3522509,8582789,San Pedro Mártir,
3522509,8582790,San Pedro Mártir Quiechapa,
3522509,8582791,San Pedro Mártir Yucuxaco,
3522509,8582792,San Pedro Mixtepec -Dto. 22 -,
3522509,8582793,San Pedro Mixtepec -Dto. 26 -,
3522509,8582794,San Pedro Molinos,
3522509,8582795,San Pedro Nopala,
3522509,8582797,San Pedro Ocotepec,
3522509,8582798,San Pedro Pochutla,
3522509,8582799,San Pedro Quiatoni,
3522509,8582800,San Pedro Sochiápam,
3522509,8582801,San Pedro Tapanatepec,
3522509,8582802,San Pedro Taviche,
3522509,8582803,San Pedro Teozacoalco,
3522509,8582804,San Pedro Teutila,
3522509,8582805,San Pedro Tidaá,
3522509,8582807,San Pedro Totolápam,
3522509,8582811,San Pedro y San Pablo Ayutla,
3522509,8582813,San Pedro y San Pablo Teposcolula,
3522509,8582814,San Pedro y San Pablo Tequixtepec,
3522509,8582809,San Pedro Yaneri,
3522509,8582810,San Pedro Yólox,
3522509,8582815,San Pedro Yucunama,
3522509,8582816,San Raymundo Jalpan,
3522509,8582817,San Sebastián Abasolo,
3522509,8582818,San Sebastián Coatlán,
3522509,8582819,San Sebastián Ixcapa,
3522509,8582820,San Sebastián Nicananduta,
3522509,8582821,San Sebastián Río Hondo,
3522509,8582822,San Sebastián Tecomaxtlahuaca,
3522509,8582823,San Sebastián Teitipac,
3522509,8582824,San Sebastián Tutla,
3522509,8582825,San Simón Almolongas,
3522509,8582826,San Simón Zahuatlán,
3522509,8583009,San Vicente Coatlán,
3522509,8583011,San Vicente Lachixío,
3522509,8583012,San Vicente Nuñú,
3522509,8582827,Santa Ana,
3522509,8582828,Santa Ana Ateixtlahuaca,
3522509,8582829,Santa Ana Cuauhtémoc,
3522509,8582830,Santa Ana del Valle,
3522509,8582831,Santa Ana Tavela,
3522509,8582832,Santa Ana Tlapacoyan,
3522509,8582833,Santa Ana Yareni,
3522509,8582834,Santa Ana Zegache,
3522509,8582835,Santa Catalina Quierí,
3522509,8582836,Santa Catarina Cuixtla,
3522509,8582837,Santa Catarina Ixtepeji,
3522509,8582838,Santa Catarina Juquila,
3522509,8582839,Santa Catarina Lachatao,
3522509,8582840,Santa Catarina Loxicha,
3522509,8582841,Santa Catarina Mechoacán,
3522509,8582842,Santa Catarina Minas,
3522509,8582843,Santa Catarina Quiané,
3522509,8582545,Santa Catarina Quioquitani,
3522509,8582844,Santa Catarina Tayata,
3522509,8582845,Santa Catarina Ticuá,
3522509,8582847,Santa Catarina Yosonotú,
3522509,8582848,Santa Catarina Zapoquila,
3522509,8582849,Santa Cruz Acatepec,
3522509,8582850,Santa Cruz Amilpas,
3522509,8582851,Santa Cruz de Bravo,
3522509,8582852,Santa Cruz Itundujia,
3522509,8582853,Santa Cruz Mixtepec,
3522509,8582854,Santa Cruz Nundaco,
3522509,8582855,Santa Cruz Papalutla,
3522509,8582856,Santa Cruz Tacache de Mina,
3522509,8582857,Santa Cruz Tacahua,
3522509,8582858,Santa Cruz Tayata,
3522509,8582859,Santa Cruz Xitla,
3522509,8582860,Santa Cruz Xoxocotlán,
3522509,8582861,Santa Cruz Zenzontepec,
3522509,8582862,Santa Gertrudis,
3522509,8583045,Santa Inés de Zaragoza,
3522509,8582863,Santa Inés del Monte,
3522509,8582864,Santa Inés Yatzeche,
3522509,8582865,Santa Lucía del Camino,
3522509,8582866,Santa Lucía Miahuatlán,
3522509,8582867,Santa Lucía Monteverde,
3522509,8582868,Santa Lucía Ocotlán,
3522509,8582518,Santa Magdalena Jicotlán,
3522509,8582869,Santa María Alotepec,
3522509,8582870,Santa María Apazco,
3522509,8582874,Santa María Atzompa,
3522509,8582875,Santa María Camotlán,
3522509,8582879,Santa María Chachoápam,
3522509,8582881,Santa María Chilchotla,
3522509,8582882,Santa María Chimalapa,
3522509,8582876,Santa María Colotepec,
3522509,8582877,Santa María Cortijo,
3522509,8582878,Santa María Coyotepec,
3522509,8582883,Santa María del Rosario,
3522509,8582884,Santa María del Tule,
3522509,8582885,Santa María Ecatepec,
3522509,8582886,Santa María Guelacé,
3522509,8582887,Santa María Guienagati,
3522509,8582888,Santa María Huatulco,
3522509,8582889,Santa María Huazolotitlán,
3522509,8582890,Santa María Ipalapa,
3522509,8582891,Santa María Ixcatlán,
3522509,8582892,Santa María Jacatepec,
3522509,8582893,Santa María Jalapa del Marqués,
3522509,8582894,Santa María Jaltianguis,
3522509,8582871,Santa María la Asunción,
3522509,8582895,Santa María Lachixío,
3522509,8582896,Santa María Mixtequilla,
3522509,8582897,Santa María Nativitas,
3522509,8582898,Santa María Nduayaco,
3522509,8582899,Santa María Ozolotepec,
3522509,8582900,Santa María Pápalo,
3522509,8582901,Santa María Peñoles,
3522509,8582902,Santa María Petapa,
3522509,8582903,Santa María Quiegolani,
3522509,8582904,Santa María Sola,
3522509,8582905,Santa María Tataltepec,
3522509,8582906,Santa María Tecomavaca,
3522509,8582907,Santa María Temaxcalapa,
3522509,8582908,Santa María Temaxcaltepec,
3522509,8582909,Santa María Teopoxco,
3522509,8582910,Santa María Tepantlali,
3522509,8582911,Santa María Texcatitlán,
3522509,8582912,Santa María Tlahuitoltepec,
3522509,8582913,Santa María Tlalixtac,
3522509,8582914,Santa María Tonameca,
3522509,8582915,Santa María Totolapilla,
3522509,8582916,Santa María Xadani,
3522509,8582917,Santa María Yalina,
3522509,8582918,Santa María Yavesía,
3522509,8582919,Santa María Yolotepec,
3522509,8582920,Santa María Yosoyúa,
3522509,8582921,Santa María Yucuhiti,
3522509,8582922,Santa María Zacatepec,
3522509,8582923,Santa María Zaniza,
3522509,8582924,Santa María Zoquitlán,
3522509,8582925,Santiago Amoltepec,
3522509,8582926,Santiago Apoala,
3522509,8582927,Santiago Apóstol,
3522509,8582928,Santiago Astata,
3522509,8582929,Santiago Atitlán,
3522509,8582930,Santiago Ayuquililla,
3522509,8582931,Santiago Cacaloxtepec,
3522509,8582932,Santiago Camotlán,
3522509,8582934,Santiago Chazumba,
3522509,8582935,Santiago Choápam,
3522509,8582936,Santiago del Río,
3522509,8582937,Santiago Huajolotitlán,
3522509,8582938,Santiago Huauclilla,
3522509,8582939,Santiago Ihuitlán Plumas,
3522509,8582941,Santiago Ixtayutla,
3522509,8582942,Santiago Jamiltepec,
3522509,8582943,Santiago Jocotepec,
3522509,8582944,Santiago Juxtlahuaca,
3522509,8582945,Santiago Lachiguiri,
3522509,8582946,Santiago Lalopa,
3522509,8582947,Santiago Laollaga,
3522509,8582948,Santiago Laxopa,
3522509,8582949,Santiago Llano Grande,
3522509,8582950,Santiago Matatlán,
3522509,8582951,Santiago Miltepec,
3522509,8582952,Santiago Minas,
3522509,8582953,Santiago Nacaltepec,
3522509,8582954,Santiago Nejapilla,
3522509,8582537,Santiago Niltepec,
3522509,8582955,Santiago Nundiche,
3522509,8582956,Santiago Nuyoó,
3522509,8582957,Santiago Pinotepa Nacional,
3522509,8582958,Santiago Suchilquitongo,
3522509,8582959,Santiago Tamazola,
3522509,8582960,Santiago Tapextla,
3522509,8582963,Santiago Tepetlapa,
3522509,8582964,Santiago Tetepec,
3522509,8582965,Santiago Texcalcingo,
3522509,8582966,Santiago Textitlán,
3522509,8582967,Santiago Tilantongo,
3522509,8582969,Santiago Tlazoyaltepec,
3522509,8582970,Santiago Xanica,
3522509,8582971,Santiago Xiacuí,
3522509,8582972,Santiago Yaitepec,
3522509,8582974,Santiago Yolomécatl,
3522509,8582975,Santiago Yosondúa,
3522509,8582976,Santiago Yucuyachi,
3522509,8582977,Santiago Zacatepec,
3522509,8582978,Santiago Zoochila,
3522509,8582981,Santo Domingo Albarradas,
3522509,8582982,Santo Domingo Armenta,
3522509,8582983,Santo Domingo Chihuitán,
3522509,8582984,Santo Domingo de Morelos,
3522509,8582980,Santo Domingo Ingenio,
3522509,8582985,Santo Domingo Ixcatlán,
3522509,8582986,Santo Domingo Nuxaá,
3522509,8582987,Santo Domingo Ozolotepec,
3522509,8582988,Santo Domingo Petapa,
3522509,8582989,Santo Domingo Roayaga,
3522509,8582990,Santo Domingo Tehuantepec,
3522509,8582991,Santo Domingo Teojomulco,
3522509,8582993,Santo Domingo Tlatayápam,
3522509,8582994,Santo Domingo Tomaltepec,
3522509,8582995,Santo Domingo Tonalá,
3522509,8582996,Santo Domingo Tonaltepec,
3522509,8582997,Santo Domingo Xagacía,
3522509,8582998,Santo Domingo Yanhuitlán,
3522509,8583000,Santo Domingo Zanatepec,
3522509,8583005,Santo Tomás Jalieza,
3522509,8583006,Santo Tomás Mazaltepec,
3522509,8583007,Santo Tomás Ocotepec,
3522509,8583008,Santo Tomás Tamazulapan,
3522509,8583001,Santos Reyes Nopala,
3522509,8583002,Santos Reyes Pápalo,
3522509,8583003,Santos Reyes Tepejillo,
3522509,8583004,Santos Reyes Yucuná,
3522509,8583013,Silacayoápam,
3522509,8583014,Sitio de Xitlapehua,
3522509,8583015,Soledad Etla,
3522509,8582502,Tamazulápam del Espíritu Santo,
3522509,8583017,Tanetze de Zaragoza,
3522509,8583018,Taniche,
3522509,8583019,Tataltepec de Valdés,
3522509,8583020,Teococuilco de Marcos Pérez,
3522509,8583021,Teotitlán de Flores Magón,
3522509,8583022,Teotitlán del Valle,
3522509,8583023,Teotongo,
3522509,8583024,Tepelmeme Villa de Morelos,
3522509,8583027,Tlacolula de Matamoros,
3522509,8583028,Tlacotepec Plumas,
3522509,8583029,Tlalixtac de Cabrera,
3522509,8583030,Totontepec Villa de Morelos,
3522509,8583033,Unión Hidalgo,
3522509,8583034,Valerio Trujano,
3522509,8582880,Villa de Chilapa de Díaz,
3522509,8582812,Villa de Etla,
3522509,8583016,Villa de Tamazulápam del Progreso,
3522509,8582808,Villa de Tututepec de Melchor Ocampo,
3522509,8583041,Villa de Zaachila,
3522509,8583036,Villa Díaz Ordaz,
3522509,8582509,Villa Hidalgo,
3522509,8582751,Villa Sola de Vega,
3522509,8582754,Villa Talea de Castro,
3522509,8582961,Villa Tejúpam de la Unión,
3522509,8583037,Yaxe,
3522509,8583039,Yogana,
3522509,8583040,Yutanduchi de Guerrero,
3522509,8583043,Zapotitlán Lagunas,
3522509,8583044,Zapotitlán Palmas,
3522509,8583046,Zimatlán de Álvarez,
3522542,8582422,Abasolo,
3522542,8582423,Agualeguas,
3522542,8582425,Allende,
3522542,8582426,Anáhuac,
3522542,8582428,Aramberri,
3522542,8582429,Bustamante,
3522542,8582430,Cadereyta Jiménez,
3522542,8582432,Cerralvo,
3522542,8582434,China,
3522542,8582433,Ciénega de Flores,
3522542,8582427,Ciudad Apodaca,Apodaca
3522542,8582435,Doctor Arroyo,
3522542,8582436,Doctor Coss,
3522542,8582437,Doctor González,
3522542,8582431,El Carmen,
3522542,8582438,Galeana,
3522542,8582439,García,
3522542,8582441,General Bravo,
3522542,8582442,General Escobedo,
3522542,8582443,General Terán,
3522542,8582444,General Treviño,
3522542,8582445,General Zaragoza,
3522542,8582446,General Zuazua,
3522542,8582447,Guadalupe,
3522542,8582467,Hidalgo,
3522542,8582290,Higueras,
3522542,8582449,Hualahuises,
3522542,8582450,Iturbide,
3522542,8582451,Juárez,
3522542,8582452,Lampazos de Naranjo,
3522542,8582453,Linares,
3522542,8582424,Los Aldamas,
3522542,8582448,Los Herreras,
3522542,8582462,Los Ramones,
3522542,8582454,Marín,
3522542,8581713,Melchor Ocampo,
3522542,8582456,Mier y Noriega,
3522542,8582457,Mina,
3522542,8582458,Montemorelos,
3522542,8582459,Monterrey,
3522542,8582460,Parás,
3522542,8582461,Pesquería,
3522542,8582463,Rayones,
3522542,8582464,Sabinas Hidalgo,
3522542,8582465,Salinas Victoria,
3522542,8582466,San Nicolás de los Garza,
3522542,8582440,San Pedro Garza García,
3522542,8582468,Santa Catarina,
3522542,8582469,Santiago,
3522542,8582470,Vallecillo,
3522542,8582471,Villaldama,
3522961,8582370,Amacuzac,
3522961,8582371,Atlatlahucan,
3522961,8582372,Axochiapan,
3522961,8582373,Ayala,
3522961,12514812,Coatetelco,Municipio de Coatetelco
3522961,8582374,Coatlán del Río,
3522961,8582375,Cuautla,
3522961,8582376,Cuernavaca,
3522961,8582377,Emiliano Zapata,
3522961,8582378,Huitzilac,
3522961,8582379,Jantetelco,
3522961,8582380,Jiutepec,
3522961,8582381,Jojutla,
3522961,8582382,Jonacatepec,
3522961,8582383,Mazatepec,
3522961,8582384,Miacatlán,
3522961,12514813,Municipio de Hueyapan,Hueyapan
3522961,8582385,Ocuituco,
3522961,6951543,Puente de Ixtla,
3522961,8582386,Temixco,
3522961,8582401,Temoac,
3522961,8582387,Tepalcingo,
3522961,8582388,Tepoztlán,
3522961,8582389,Tetecala,
3522961,8582390,Tetela del Volcán,
3522961,8582391,Tlalnepantla,
3522961,8582392,Tlaltizapán de Zapata,
3522961,8582393,Tlaquiltenango,
3522961,8582394,Tlayacapan,
3522961,8582395,Totolapan,
3522961,8582396,Xochitepec,
3522961,12514814,Xoxocotla,Municipio de Xoxocotla
3522961,8582397,Yautepec,
3522961,8582398,Yecapixtla,
3522961,8582399,Zacatepec,
3522961,8582400,Zacualpan,
3523272,8583658,Acambay de Ruíz Castañeda,
3523272,8379113,Acolman de Nezahualcóyotl,
3523272,8583659,Aculco,
3523272,8583660,Almoloya de Alquisiras,
3523272,8583662,Almoloya del Río,
3523272,8583663,Amanalco,
3523272,8583664,Amatepec,
3523272,8379115,Amecameca,
3523272,8379116,Apaxco,
3523272,8379127,Atenco,
3523272,8583665,Atizapán,
3523272,8379128,Atizapán de Zaragoza,
3523272,8583666,Atlacomulco,
3523272,8379129,Atlautla,
3523272,8379130,Axapusco,
3523272,8379131,Ayapango,
3523272,8583667,Calimaya,
3523272,8583668,Capulhuac,
3523272,8379134,Chalco,
3523272,8583670,Chapa de Mota,
3523272,8583671,Chapultepec,
3523272,8379363,Chiautla,
3523272,8379364,Chicoloapan,
3523272,8379365,Chiconcuac,
3523272,8379366,Chimalhuacán,
3523272,8379485,Ciudad de Tlalnepantla,Tlalnepantla de Baz
3523272,8379463,Ciudad Nezahualcóyotl,
3523272,8379367,Coacalco de Berriozábal,Coacalco
3523272,8583669,Coatepec Harinas,
3523272,8379368,Cocotitlán,
3523272,8379370,Coyotepec,
3523272,8379373,Cuautitlán,
3523272,8379380,Cuautitlán Izcalli,
3523272,8583672,Donato Guerra,
3523272,8133398,Ecatepec de Morelos,
3523272,8379375,Ecatzingo de Hidalgo,Ecatzingo
3523272,8582225,El Oro,
3523272,8379377,Huehuetoca,
3523272,8379378,Hueypoxtla,
3523272,8379379,Huixquilucan de Degollado,Huixquilucan
3523272,8583673,Isidro Fabela,
3523272,8379381,Ixtapaluca,
3523272,8583674,Ixtapan de la Sal,
3523272,8583675,Ixtapan del Oro,
3523272,8583676,Ixtlahuaca,
3523272,8379456,Jaltenco,
3523272,8583678,Jilotepec,
3523272,8583679,Jilotzingo,
3523272,8583680,Jiquipilco,
3523272,8583681,Jocotitlán,
3523272,8583682,Joquicingo,
3523272,8379457,Juchitepec,
3523272,8582249,La Paz,
3523272,8583683,Lerma,
3523272,8582255,Luvianos,
3523272,8583684,Malinalco,
3523272,8379459,Melchor Ocampo,
3523272,8583685,Metepec,
3523272,8583686,Mexicaltzingo,
3523272,8582222,Morelos,
3523272,8583661,Municipio de Almoloya de Juárez,Almoloya de Juárez
3523272,8379470,Municipio de Tecámac,Tecámac
3523272,8379484,municipio de Tezoyuca,Tezoyuca
3523272,7828734,Naucalpan de Juárez,
3523272,8379462,Nextlalpan,
3523272,8379464,Nicolás Romero,
3523272,8582223,Ocoyoacac,
3523272,8582224,Ocuilan,
3523272,8379466,Otumba,
3523272,8582226,Otzoloapan,
3523272,8582227,Otzolotepec,
3523272,8379467,Ozumba,
3523272,8379468,Papalotla,
3523272,8582228,Polotitlán,
3523272,8582229,Rayón,
3523272,8582230,San Antonio la Isla,
3523272,8582231,San Felipe del Progreso,
3523272,8582256,San José del Rincón,
3523272,8379469,San Martín de las Pirámides,
3523272,8582232,San Mateo Atenco,
3523272,8582233,San Simón de Guerrero,
3523272,8379465,Santa María de Nopaltepec,Nopaltepec
3523272,8582234,Santo Tomás,
3523272,8582235,Soyaniquilpan de Juárez,
3523272,8582236,Sultepec,
3523272,8582237,Tejupilco,
3523272,8379471,Temamatla,
3523272,8379472,Temascalapa,
3523272,8582238,Temascalcingo,
3523272,8582239,Temascaltepec,
3523272,8582240,Temoaya,
3523272,8582241,Tenancingo,
3523272,8379473,Tenango del Aire,
3523272,8582242,Tenango del Valle,
3523272,8379474,Teoloyucan,
3523272,8379475,Teotihuacán,
3523272,8379476,Tepetlaoxtoc,
3523272,8379491,Tepetlixpa,
3523272,8379482,Tepotzotlán,
3523272,8379492,Tequixquiac,
3523272,8582243,Texcaltitlán,
3523272,8582244,Texcalyacac,
3523272,8379483,Texcoco,
3523272,8582245,Tianguistenco,
3523272,8582246,Timilpan,
3523272,8582247,Tlalmanalco,
3523272,8582248,Tlatlaya,
3523272,8583687,Toluca de Lerdo,Toluca
3523272,8582257,Tonanitla,
3523272,8583688,Tonatico,
3523272,8379486,Tultepec,
3523272,8379488,Tultitlán de Mariano Escobedo,Tultitlán
3523272,8583689,Valle de Bravo,
3523272,8379489,Valle de Chalco Solidaridad,
3523272,8583690,Villa de Allende,
3523272,8379493,Villa del Carbón,
3523272,8583691,Villa Guerrero,
3523272,8582250,Villa Victoria,
3523272,8583677,Xalatlaco,
3523272,7778825,Xonacatlan,
3523272,8582251,Zacazonapan,
3523272,8582252,Zacualpan,
3523272,8582253,Zinacantepec,
3523272,8582254,Zumpahuacán,
3523272,8379490,Zumpango,
3527115,8582021,Acatlán,
3527115,8582022,Acaxochitlán,
3527115,8582023,Actopan,
3527115,8582030,Atitalaquia,
3527115,8582038,Chapulhuacán,
3527115,8582036,Cuautepec de Hinojosa,
3527115,8582040,Eloxochitlán,
3527115,8582045,Huautla,
3527115,8582047,Huehuetla,
3527115,8582051,Jacala de Ledezma,
3527115,8582053,Juárez Hidalgo,
3527115,8582060,La Misión,
3527115,8582055,Metepec,
3527115,8582057,Metztitlán,
3527115,8582061,Mixquiahuala de Juárez,
3527115,8582024,Municipio de Agua Blanca de Iturbide,Agua Blanca de Iturbide
3527115,8582025,Municipio de Ajacuba,Ajacuba
3527115,8582026,Municipio de Alfajayucan,Alfajayucan
3527115,8582027,Municipio de Almoloya,Almoloya
3527115,8582028,Municipio de Apan,Apan
3527115,8582031,Municipio de Atlapexco,Atlapexco
3527115,8582033,Municipio de Atotonilco de Tula,Atotonilco de Tula
3527115,8582032,Municipio de Atotonilco el Grande,Atotonilco el Grande
3527115,8582034,Municipio de Calnali,Calnali
3527115,8582035,Municipio de Cardonal,Cardonal
3527115,8582037,Municipio de Chapantongo,Chapantongo
3527115,8582039,Municipio de Chilcuautla,Chilcuautla
3527115,8582029,Municipio de El Arenal,El Arenal
3527115,8582041,Municipio de Emiliano Zapata,Emiliano Zapata
3527115,8582042,Municipio de Epazoyucan,Epazoyucan
3527115,8582043,Municipio de Francisco I. Madero,Francisco I. Madero
3527115,8582044,Municipio de Huasca de Ocampo,Huasca de Ocampo
3527115,8582046,Municipio de Huazalingo,Huazalingo
3527115,8582048,Municipio de Huejutla de Reyes,Huejutla de Reyes
3527115,8582049,Municipio de Huichapan,Huichapan
3527115,8582050,Municipio de Ixmiquilpan,Ixmiquilpan
3527115,8582052,Municipio de Jaltocán,Jaltocán
3527115,8582054,Municipio de Lolotla,Lolotla
3527115,8582070,Municipio de Mineral de la Reforma,Mineral de la Reforma
3527115,8582058,Municipio de Mineral del Chico,Mineral del Chico
3527115,8582059,Municipio de Mineral del Monte,Mineral del Monte
3527115,8582062,Municipio de Molango de Escamilla,Molango de Escamilla
3527115,8581962,Municipio de Pacula,Pacula
3527115,8582068,Municipio de Pisaflores,Pisaflores
3527115,8582072,Municipio de San Bartolo Tutotepec,San Bartolo Tutotepec
3527115,8582073,Municipio de San Salvador,San Salvador
3527115,8582074,Municipio de Santiago de Anaya,Santiago de Anaya
3527115,8582076,Municipio de Singuilucan,Singuilucan
3527115,8582077,Municipio de Tasquillo,Tasquillo
3527115,8582079,Municipio de Tenango de Doria,Tenango de Doria
3527115,8582080,Municipio de Tepeapulco,Tepeapulco
3527115,8582084,Municipio de Tetepango,Tetepango
3527115,8582086,Municipio de Tezontepec de Aldama,Tezontepec de Aldama
3527115,8582087,Municipio de Tianguistengo,Tianguistengo
3527115,8379477,Municipio de Tizayuca,Tizayuca
3527115,8582089,Municipio de Tlahuiltepa,Tlahuiltepa
3527115,8582091,Municipio de Tlanchinol,Tlanchinol
3527115,8582092,Municipio de Tlaxcoapan,Tlaxcoapan
3527115,8582093,Municipio de Tolcayuca,Tolcayuca
3527115,8582096,Municipio de Xochiatipan,Xochiatipan
3527115,8582101,Municipio de Zempoala,Zempoala
3527115,8582063,Nicolás Flores,
3527115,8582064,Nopala de Villagrán,
3527115,8582065,Omitlán de Juárez,
3527115,8582067,Pachuca de Soto,
3527115,8582069,Progreso de Obregón,
3527115,8582056,San Agustín Metzquititlán,
3527115,8582071,San Agustín Tlaxiaca,
3527115,8582066,San Felipe Orizatlán,
3527115,8582075,Santiago Tulantepec de Lugo Guerrero,
3527115,8582078,Tecozautla,
3527115,8582081,Tepehuacán de Guerrero,
3527115,8582082,Tepeji del Río de Ocampo,
3527115,8582083,Tepetitlán,
3527115,8582088,Tlahuelilpan,
3527115,8582090,Tlanalapa,
3527115,8582094,Tula de Allende,
3527115,8582095,Tulancingo de Bravo,
3527115,8582085,Villa de Tezontepec,
3527115,8582097,Xochicoatlán,
3527115,8582098,Yahualica,
3527115,8582099,Zacualtipán de Ángeles,
3527115,8582100,Zapotlán de Juárez,
3527115,8582102,Zimapán,
3527213,8581941,Acapulco de Juárez,
3527213,8582016,Acatepec,
3527213,8581942,Ahuacuotzingo,
3527213,8581943,Ajuchitlán del Progreso,
3527213,8581944,Alcozauca de Guerrero,
3527213,8581945,Alpoyeca,
3527213,8581946,Apaxtla,
3527213,8581947,Arcelia,
3527213,8581948,Atenango del Río,
3527213,8581949,Atlamajalcingo del Monte,
3527213,8581950,Atlixtac,
3527213,8581951,Atoyac de Álvarez,
3527213,8581952,Ayutla de los Libres,
3527213,8581953,Azoyú,
3527213,8581708,Benito Juárez,
3527213,8581954,Buenavista de Cuéllar,
3527213,8581968,Chilapa de Álvarez,
3527213,8581969,Chilpancingo de los Bravo,
3527213,8581955,Coahuayutla de José María Izazaga,
3527213,8582017,Cochoapa el Grande,
3527213,8581956,Cocula,
3527213,8581957,Copala,
3527213,8581958,Copalillo,
3527213,8581959,Copanatoyac,
3527213,8581960,Coyuca de Benítez,
3527213,8581961,Coyuca de Catalán,
3527213,8581963,Cuajinicuilapa,
3527213,8581964,Cualác,
3527213,8581965,Cuautepec,
3527213,8581966,Cuetzala del Progreso,
3527213,8581967,Cutzamala de Pinzón,
3527213,8582015,Eduardo Neri,
3527213,8581970,Florencio Villarreal,
3527213,8581971,General Canuto A. Neri,
3527213,8581972,General Heliodoro Castillo,
3527213,8581973,Huamuxtitlán,
3527213,8581974,Huitzuco de los Figueroa,
3527213,8581975,Iguala de la Independencia,
3527213,8581976,Igualapa,
3527213,8582020,Iliatenco,
3527213,8581977,Ixcateopan de Cuauhtémoc,
3527213,8582018,José Joaquín de Herrera,
3527213,8581979,Juan R. Escudero,
3527213,8582019,Juchitán,
3527213,8582008,La Unión de Isidoro Montes de Oca,
3527213,8581980,Leonardo Bravo,
3527213,8581981,Malinaltepec,
3527213,8583653,Marquelia,
3527213,8581982,Mártir de Cuilapan,
3527213,8581983,Metlatónoc,
3527213,8581984,Mochitlán,
3527213,8581985,Olinalá,
3527213,8581986,Ometepec,
3527213,8581987,Pedro Ascencio Alquisiras,
3527213,8581988,Petatlán,
3527213,8581989,Pilcaya,
3527213,8581990,Pungarabato,
3527213,8581991,Quechultenango,
3527213,8581992,San Luis Acatlán,
3527213,8581993,San Marcos,
3527213,8581994,San Miguel Totolapan,
3527213,8581995,Taxco de Alarcón,
3527213,8581996,Tecoanapa,
3527213,8581997,Técpan de Galeana,
3527213,8581998,Teloloapan,
3527213,8581999,Tepecoacuilco de Trujano,
3527213,8582000,Tetipac,
3527213,8582001,Tixtla de Guerrero,
3527213,8582002,Tlacoachistlahuaca,
3527213,8582003,Tlacoapa,
3527213,8582004,Tlalchapa,
3527213,8582005,Tlalixtaquilla de Maldonado,
3527213,8582006,Tlapa de Comonfort,
3527213,8582007,Tlapehuala,
3527213,8582009,Xalpatláhuac,
3527213,8582010,Xochihuehuetlán,
3527213,8582011,Xochistlahuaca,
3527213,8582012,Zapotitlán Tablas,
3527213,8581978,Zihuatanejo de Azueta,
3527213,8582013,Zirándaro,
3527213,8582014,Zitlala,
3527646,8379478,Delegaciñon Tláhuac,Tláhuac
3527646,8379114,Delegación Álvaro Obregón,Álvaro Obregón
3527646,8379132,Delegación Azcapotzalco,Azcapotzalco
3527646,8379133,Delegación Benito Juárez,Benito Juárez
3527646,8379369,Delegación Coyoacán,Coyoacán
3527646,8379371,Delegación Cuajimalpa de Morelos,Cuajimalpa de Morelos
3527646,8379372,Delegación Cuauhtémoc,Cuauhtémoc
3527646,8379376,Delegación Gustavo A. Madero,Gustavo A. Madero
3527646,8379454,Delegación Iztacalco,Iztacalco
3527646,8379455,Delegación Iztapalapa,Iztapalapa
3527646,8379460,Delegación Miguel Hidalgo,Miguel Hidalgo
3527646,8379461,Delegación Milpa Alta,Milpa Alta
3527646,8379479,Delegación Tlalpan,Tlalpan
3527646,8379480,Delegación Venustiano Carranza,Venustiano Carranza
3527646,8379481,Delegación Xochimilco,Xochimilco
3527646,8379458,Magdalena Contreras,Delegación Magdalena Contrera|La Magdalena Contreras
3531011,6955066,Acacoyagua,
3531011,6955067,Acala,
3531011,6955068,Acapetahua,
3531011,6955069,Aldama,
3531011,6955070,Altamirano,
3531011,6955071,Amatán,
3531011,6955072,Amatenango de la Frontera,
3531011,6955073,Amatenango del Valle,
3531011,6955074,Ángel Albino Corzo,
3531011,6955075,Arriaga,
3531011,6955076,Bejucal de Ocampo,
3531011,6955077,Bella Vista,
3531011,6955078,Benemérito de las Américas,
3531011,6955079,Berriozábal,
3531011,6955080,Bochil,
3531011,6955082,Cacahoatán,
3531011,6955083,Catazajá,
3531011,6955084,Chalchihuitán,
3531011,6955085,Chamula,
3531011,6955086,Chanal,
3531011,6955087,Chapultenango,
3531011,6955088,Chenalhó,
3531011,6955089,Chiapa de Corzo,
3531011,6955090,Chiapilla,
3531011,6955091,Chicoasén,
3531011,6955092,Chicomuselo,
3531011,6955093,Chilón,
3531011,6955094,Cintalapa,
3531011,6955095,Coapilla,
3531011,6955096,Comitán Municipality,Municipio de Comitán de Domínguez|Comitán de Domínguez
3531011,6955098,Copainalá,
3531011,6955081,El Bosque,
3531011,12514805,El Parral,Municipio de El Parral
3531011,8581756,El Porvenir,
3531011,6955099,Escuintla,
3531011,6955100,Francisco León,
3531011,8583641,Frontera Comalapa,
3531011,8581720,Frontera Hidalgo,
3531011,12514807,Honduras de la Sierra,Municipio de Honduras de la Sierra
3531011,8581722,Huehuetán,
3531011,8581724,Huitiupán,
3531011,8581723,Huixtán,
3531011,8581726,Huixtla,
3531011,8581728,Ixhuatán,
3531011,8581729,Ixtacomitán,
3531011,8581730,Ixtapa,
3531011,8581731,Ixtapangajoya,
3531011,8581732,Jiquipilas,
3531011,8581733,Jitotol,
3531011,8581734,Juárez,
3531011,6955097,La Concordia,
3531011,8581721,La Grandeza,
3531011,8581727,La Independencia,
3531011,8581736,La Libertad,
3531011,8581783,La Trinitaria,
3531011,8581735,Larráinzar,
3531011,8581738,Las Margaritas,
3531011,8581761,Las Rosas,
3531011,8581737,Mapastepec,
3531011,8581795,Maravilla Tenejapa,
3531011,8581796,Marqués de Comillas,
3531011,8581739,Mazapa de Madero,
3531011,8581740,Mazatán,
3531011,8581741,Metapa,
3531011,12514802,Mezcalapa,Municipio de Mezcalapa
3531011,8581742,Mitontic,
3531011,8581797,Montecristo de Guerrero,
3531011,8581743,Motozintla,
3531011,12514806,Municipio de Capitán Luis Ángel Vidal,Capitán Luis Ángel Vidal
3531011,12514804,Municipio de Emiliano Zapata,Emiliano Zapata
3531011,8581744,Nicolás Ruíz,
3531011,8581745,Ocosingo,
3531011,8581746,Ocotepec,
3531011,8581747,Ocozocoautla de Espinosa,
3531011,8581748,Ostuacán,
3531011,8581749,Osumacinta,
3531011,8581750,Oxchuc,
3531011,8581751,Palenque,
3531011,8581752,Pantelhó,
3531011,8581753,Pantepec,
3531011,8581754,Pichucalco,
3531011,8581755,Pijijiapan,
3531011,8581758,Pueblo Nuevo Solistahuacán,
3531011,8581759,Rayón,
3531011,8581760,Reforma,
3531011,12514803,Rincón Chamula San Pedro,Municipio de Rincón Chamula San Pedro
3531011,8581762,Sabanilla,
3531011,8581763,Salto de Agua,
3531011,8581798,San Andrés Duraznal,
3531011,7778823,San Cristobal De Casas,
3531011,8581764,San Fernando,
3531011,8581794,San Juan Cancuc,
3531011,8581792,San Lucas,
3531011,8581799,Santiago el Pinar,
3531011,8581765,Siltepec,
3531011,8581766,Simojovel,
3531011,8581767,Sitalá,
3531011,8581768,Socoltenango,
3531011,8581769,Solosuchiapa,
3531011,8581770,Soyaló,
3531011,8581771,Suchiapa,
3531011,8581772,Suchiate,
3531011,8581773,Sunuapa,
3531011,8581774,Tapachula,
3531011,8581775,Tapalapa,
3531011,8581776,Tapilula,
3531011,8581777,Tecpatán,
3531011,8581778,Tenejapa,
3531011,8581779,Teopisca,
3531011,8581780,Tila,
3531011,8581781,Tonalá,
3531011,8581782,Totolapa,
3531011,8581784,Tumbalá,
3531011,8581703,Tuxtla Chico,
3531011,8581785,Tuxtla Gutiérrez,
3531011,8581786,Tuzantán,
3531011,8581787,Tzimol,
3531011,8581788,Unión Juárez,
3531011,8581716,Venustiano Carranza,
3531011,8581757,Villa Comaltitlán,
3531011,8581789,Villa Corzo,
3531011,8581790,Villaflores,
3531011,8581791,Yajalón,
3531011,8581793,Zinacantán,
3531730,6942866,Calakmul,
3531730,6942857,Calkiní,
3531730,6942867,Candelaria,
3531730,6942859,Carmen,
3531730,6942860,Champotón,
3531730,6942865,Escárcega,
3531730,6942861,Hecelchakán,
3531730,8583595,Hopelchén,
3531730,12514811,Municipio de Dzitbalché,Dzitbalché
3531730,6942863,Palizada,
3531730,6942858,San Francisco de Campeche,Campeche
3531730,12514810,Seybaplaya,Municipio de Seybaplaya
3531730,6942864,Tenabo,
3979840,8583963,Apozol,
3979840,8583964,Apulco,
3979840,8583965,Atolinga,
3979840,8581696,Benito Juárez,
3979840,8583966,Calera,
3979840,8583967,Cañitas de Felipe Pescador,
3979840,8583969,Chalchihuites,
3979840,8583968,Concepción del Oro,
3979840,8581709,Cuauhtémoc,
3979840,8583975,El Plateado de Joaquín Amaro,
3979840,8583998,El Salvador,
3979840,8583970,Fresnillo,
3979840,8583972,Genaro Codina,
3979840,8583973,General Enrique Estrada,
3979840,8583974,General Francisco R. Murguía,
3979840,8583976,General Pánfilo Natera,
3979840,8583977,Guadalupe,
3979840,8583978,Huanusco,
3979840,8583979,Jalpa,
3979840,8583980,Jerez,
3979840,8583981,Jiménez del Teul,
3979840,8583982,Juan Aldama,
3979840,8583983,Juchipila,
3979840,8581711,Loreto,
3979840,8583984,Luis Moya,
3979840,8583985,Mazapil,
3979840,8581712,Melchor Ocampo,
3979840,8583986,Mezquital del Oro,
3979840,8583987,Miguel Auza,
3979840,8583988,Momax,
3979840,8583989,Monte Escobedo,
3979840,8583990,Morelos,
3979840,8583991,Moyahua de Estrada,
3979840,8583992,Nochistlán de Mejía,
3979840,8583993,Noria de Ángeles,
3979840,8583994,Ojocaliente,
3979840,8583995,Pánuco,
3979840,8582601,Pinos,
3979840,8583996,Río Grande,
3979840,8583997,Sain Alto,
3979840,8584015,Santa María de la Paz,
3979840,8583999,Sombrerete,
3979840,8584000,Susticacán,
3979840,8584001,Tabasco,
3979840,8584002,Tepechitlán,
3979840,8584003,Tepetongo,
3979840,8584004,Teúl de González Ortega,
3979840,8584005,Tlaltenango de Sánchez Román,
3979840,8584014,Trancoso,
3979840,8583971,Trinidad García de la Cadena,
3979840,8584006,Valparaíso,
3979840,8584007,Vetagrande,
3979840,8584008,Villa de Cos,
3979840,8584009,Villa García,
3979840,8584010,Villa González Ortega,
3979840,8584011,Villa Hidalgo,
3979840,8584012,Villanueva,
3979840,8584013,Zacatecas,
3982846,8583365,Aconchi,
3982846,8583366,Agua Prieta Municipality,
3982846,8583367,Alamos,
3982846,8583368,Altar,
3982846,8583369,Arivechi,
3982846,8583370,Arizpe,Municipio de Arizpe
3982846,8583372,Bacadéhuachi,
3982846,8583373,Bacanora,
3982846,8583374,Bacerac,
3982846,8583375,Bacoachi,
3982846,8583376,Bácum,
3982846,8583377,Banámichi,
3982846,8583378,Baviácora,
3982846,8583379,Bavispe,
3982846,8581698,Benito Juárez,
3982846,8583380,Benjamín Hill,
3982846,8583381,Caborca,
3982846,8583382,Cajeme,
3982846,8583383,Cananea,
3982846,8583384,Carbó,
3982846,8583386,Cucurpe,
3982846,8583387,Cumpas,
3982846,8583388,Divisaderos,
3982846,8583389,Empalme,
3982846,8583390,Etchojoa,
3982846,8583391,Fronteras,
3982846,8583434,General Plutarco Elías Calles,
3982846,8583392,Granados,
3982846,8583393,Guaymas,
3982846,8583394,Hermosillo,
3982846,8583395,Huachinera,
3982846,8583396,Huásabas,
3982846,8583397,Huatabampo,
3982846,8583398,Huépac,
3982846,8583399,Imuris,
3982846,8583385,La Colorada,
3982846,8583400,Magdalena,
3982846,8583401,Mazatán,
3982846,8583402,Moctezuma,Moctezuma municipality
3982846,8583371,Municipio de Átil,Atil
3982846,8583423,Municipio de Santa Cruz,Santa Cruz Municipality|Santa Cruz
3982846,8583430,Municipio de Ures,Ures municipality
3982846,8583403,Naco,
3982846,8583404,Nácori Chico,
3982846,8583405,Nacozari de García,
3982846,8583406,Navojoa,
3982846,8583407,Nogales,
3982846,8583408,Onavas,
3982846,8583409,Opodepe,
3982846,8583410,Oquitoa,
3982846,8583411,Pitiquito,
3982846,8583412,Puerto Peñasco,
3982846,8583413,Quiriego,
3982846,8583414,Rayón,
3982846,8583415,Rosario,
3982846,8583416,Sahuaripa,
3982846,8583417,San Felipe de Jesús,
3982846,8583435,San Ignacio Río Muerto,
3982846,8583418,San Javier,
3982846,8583419,San Luis Río Colorado,
3982846,8583420,San Miguel de Horcasitas,
3982846,8583421,San Pedro de la Cueva,
3982846,8583422,Santa Ana,
3982846,8583424,Sáric,
3982846,8583425,Soyopa,
3982846,8583426,Suaqui Grande,
3982846,8583427,Tepache,
3982846,8583428,Trincheras,
3982846,8583429,Tubutama,
3982846,8583431,Villa Hidalgo,
3982846,8583432,Villa Pesqueira,
3982846,8583433,Yécora,
3983035,8583349,Angostura,
3983035,8583350,Badiraguato,
3983035,8583354,Choix,
3983035,8583351,Concordia,
3983035,8583352,Cosalá,
3983035,8583353,Culiacán,
3983035,8583357,El Fuerte,
3983035,8583355,Elota,
3983035,8583356,Escuinapa,
3983035,8582651,Guasave,
3983035,8583358,Mazatlán,
3983035,8583359,Mocorito,
3983035,8583348,Municipio de Ahome,Ahome
3983035,8583364,Navolato,
3983035,8583360,Rosario,
3983035,8583361,Salvador Alvarado,
3983035,8583362,San Ignacio,
3983035,8583363,Sinaloa,
3985605,8583289,Ahualulco,
3985605,8583290,Alaquines,
3985605,8583292,Aquismón,
3985605,8583293,Armadillo de los Infante,
3985605,8583342,Axtla de Terrazas,
3985605,8583294,Cárdenas,
3985605,8583295,Catorce,
3985605,8583296,Cedral,
3985605,8583297,Cerritos,
3985605,8583298,Cerro de San Pedro,
3985605,8583304,Charcas,
3985605,8583299,Ciudad del Maíz,
3985605,8583300,Ciudad Fernández,
3985605,8583302,Ciudad Valles,
3985605,8583303,Coxcatlán,
3985605,8583305,Ebano,
3985605,8583347,El Naranjo,
3985605,8583306,Guadalcázar,
3985605,8583307,Huehuetlán,
3985605,8583308,Lagunillas,
3985605,8583309,Matehuala,
3985605,8583346,Matlapa,
3985605,8583310,Mexquitic de Carmona,
3985605,8583311,Moctezuma,
3985605,8583312,Rayón,
3985605,8583313,Rioverde,
3985605,8583314,Salinas,
3985605,8583315,San Antonio,
3985605,8583316,San Ciro de Acosta,
3985605,8583317,San Luis Potosí,
3985605,8583318,San Martín Chalchicuautla,
3985605,8583319,San Nicolás Tolentino,
3985605,8583323,San Vicente Tancuayalab,
3985605,8583320,Santa Catarina,
3985605,8583321,Santa María del Río,
3985605,8583322,Santo Domingo,
3985605,8583324,Soledad de Graciano Sánchez,
3985605,8583325,Tamasopo,
3985605,8583326,Tamazunchale,
3985605,8583327,Tampacán,
3985605,8583328,Tampamolón Corona,
3985605,8583329,Tamuín,
3985605,8583301,Tancanhuitz,
3985605,8583330,Tanlajás,
3985605,8583331,Tanquián de Escobedo,
3985605,8583332,Tierra Nueva,
3985605,8583333,Vanegas,
3985605,8583334,Venado,
3985605,8583345,Villa de Arista,
3985605,8583335,Villa de Arriaga,
3985605,8583336,Villa de Guadalupe,
3985605,8583337,Villa de la Paz,
3985605,8583338,Villa de Ramos,
3985605,8583339,Villa de Reyes,
3985605,8583340,Villa Hidalgo,
3985605,8583341,Villa Juárez,
3985605,8583343,Xilitla,
3985605,8583344,Zaragoza,
3995012,8582402,Acaponeta,
3995012,8582403,Ahuacatlán,
3995012,8582404,Amatlán de Cañas,
3995012,8582421,Bahía de Banderas,
3995012,8582405,Compostela,
3995012,8582410,Del Nayar,
3995012,8582407,Ixtlán del Río,
3995012,8582420,La Yesca,
3995012,8582406,Municipio de Huajicori,Huajicori
3995012,8582408,Municipio de Jala,Jala
3995012,8582411,Rosamorada,
3995012,8582412,Ruíz,
3995012,8582413,San Blas,
3995012,8582414,San Pedro Lagunillas,
3995012,8582415,Santa María del Oro,
3995012,8582416,Santiago Ixcuintla,
3995012,8582417,Tecuala,
3995012,8582418,Tepic,
3995012,8582419,Tuxpan,
3995012,8582409,Xalisco,
3995955,8582258,Acuitzio,
3995955,8582259,Aguililla,
3995955,8582348,Álvaro Obregón,
3995955,8582260,Angamacutiro,
3995955,8582261,Angangueo,
3995955,8582262,Apatzingán,
3995955,8582263,Aporo,
3995955,8582264,Aquila,
3995955,8582265,Ario,
3995955,8582266,Arteaga,
3995955,8582267,Briseñas,
3995955,8582268,Buenavista,
3995955,8582269,Carácuaro,
3995955,8582277,Charapan,
3995955,8582278,Charo,
3995955,8582279,Chavinda,
3995955,8582280,Cherán,
3995955,8582281,Chilchota,
3995955,8582282,Chinicuila,
3995955,8582283,Chucándiro,
3995955,8582285,Churumuco,
3995955,8582270,Coahuayana,
3995955,8582271,Coalcomán de Vázquez Pallares,
3995955,8582272,Coeneo,
3995955,8582331,Cojumatlán de Régules,
3995955,8582273,Contepec,
3995955,8582274,Copándaro,
3995955,8582275,Cotija,
3995955,8582276,Cuitzeo,
3995955,8582287,Epitacio Huerta,
3995955,8582288,Erongarícuaro,
3995955,8582289,Gabriel Zamora,
3995955,8582291,Hidalgo,
3995955,8582293,Huandacareo,
3995955,8582294,Huaniqueo,
3995955,8582295,Huetamo,
3995955,8582296,Huiramba,
3995955,8582297,Indaparapeo,
3995955,8582298,Irimbo,
3995955,8582299,Ixtlán,
3995955,8582300,Jacona de Plancarte,Jacona
3995955,8582301,Jiménez,
3995955,8582302,Jiquilpan,
3995955,8582369,José Sixto Verduzco,
3995955,8582303,Juárez,
3995955,8582304,Jungapeo,
3995955,8582292,La Huacana,
3995955,8582326,La Piedad,
3995955,8582305,Lagunillas,
3995955,8582309,Lázaro Cárdenas,
3995955,8582332,Los Reyes,
3995955,8582306,Madero,
3995955,8582307,Maravatío,
3995955,8582308,Marcos Castellanos,
3995955,8582310,Morelia,
3995955,8582311,Morelos,
3995955,8582312,Múgica,
3995955,8582284,Municipio de Churintzio,Churintzio
3995955,8582286,Municipio de Ecuandureo,Ecuandureo
3995955,8582313,Municipio de Nahuatzen,Nahuatzen
3995955,8582346,Municipio de Tepalcatepec,Tepalcatepec
3995955,8582314,Nocupétaro,
3995955,8582315,Nuevo Parangaricutiro,
3995955,8582316,Nuevo Urecho,
3995955,8582317,Numarán,
3995955,8582318,Ocampo,
3995955,8582319,Pajacuarán,
3995955,8582320,Panindícuaro,
3995955,8582322,Paracho,
3995955,8582321,Parácuaro,
3995955,8582323,Pátzcuaro,
3995955,8582324,Penjamillo,
3995955,8582325,Peribán,
3995955,8582327,Purépero,
3995955,8582328,Puruándiro,
3995955,8582329,Queréndaro,
3995955,8582330,Quiroga,
3995955,8582333,Sahuayo,
3995955,8582336,Salvador Escalante,
3995955,8582334,San Lucas,
3995955,8582335,Santa Ana Maya,
3995955,8582337,Senguio,
3995955,8582338,Susupuato,
3995955,8582339,Tacámbaro,
3995955,8582340,Tancítaro,
3995955,8582341,Tangamandapio,
3995955,8582342,Tangancícuaro,
3995955,8582343,Tanhuato,
3995955,8582344,Taretan,
3995955,8582345,Tarímbaro,
3995955,8582347,Tingambato,
3995955,8582349,Tingüindín,Tingueindin
3995955,8582350,Tiquicheo de Nicolás Romero,
3995955,8582351,Tlalpujahua,
3995955,8582352,Tlazazalca,
3995955,8583692,Tocumbo,
3995955,8582353,Tumbiscatío,
3995955,8582354,Turicato,
3995955,8582355,Tuxpan,
3995955,8582356,Tuzantla,
3995955,8582357,Tzintzuntzan,
3995955,8582358,Tzitzio,
3995955,8582359,Uruapan,
3995955,8581715,Venustiano Carranza,
3995955,8582360,Villamar,
3995955,8582361,Vista Hermosa,
3995955,8582362,Yurécuaro,
3995955,8582363,Zacapu,
3995955,8582364,Zamora,
3995955,8582365,Zináparo,
3995955,8582366,Zinapécuaro,
3995955,8582367,Ziracuaretiro,
3995955,8582368,Zitácuaro,
4004156,8582103,Acatic,
4004156,8582104,Acatlán de Juárez,
4004156,8582105,Ahualulco de Mercado,
4004156,8582106,Amacueca,
4004156,8582107,Amatitán,
4004156,8582108,Ameca,
4004156,8582110,Arandas,
4004156,8582112,Atemajac de Brizuela,
4004156,8582113,Atengo,
4004156,8582114,Atenguillo,
4004156,8582115,Atotonilco el Alto,
4004156,8582116,Atoyac,
4004156,8582117,Autlán de Navarro,
4004156,8582118,Ayotlán,
4004156,8583654,Ayutla,
4004156,7778820,Bolaños,
4004156,8582120,Cabo Corrientes,
4004156,8582216,Cañadas de Obregón,
4004156,8582121,Casimiro Castillo,
4004156,8582130,Chapala,
4004156,8582131,Chimaltitán,
4004156,8582132,Chiquilistlán,
4004156,8582122,Cihuatlán,
4004156,8582124,Cocula,
4004156,8582125,Colotlán,
4004156,8582126,Concepción de Buenos Aires,
4004156,8582127,Cuautitlán de García Barragán,
4004156,8582128,Cuautla,
4004156,8582129,Cuquío,
4004156,8582133,Degollado,
4004156,8582134,Ejutla,
4004156,8582111,El Arenal,
4004156,8582137,El Grullo,
4004156,8582154,El Limón,
4004156,8582170,El Salto,
4004156,8582135,Encarnación de Díaz,
4004156,8582136,Etzatlán,
4004156,8582179,Gómez Farías,
4004156,8582138,Guachinango,
4004156,8582140,Guadalajara,
4004156,8582141,Hostotipaquillo,
4004156,8582142,Huejúcar,
4004156,8582143,Huejuquilla el Alto,
4004156,8582145,Ixtlahuacán de los Membrillos,
4004156,8582146,Ixtlahuacán del Río,
4004156,8582147,Jalostotitlán,
4004156,8582148,Jamay,
4004156,8581718,Jesús María,
4004156,8582149,Jilotlán de los Dolores,
4004156,8582151,Juanacatlán,
4004156,8582152,Juchitlán,
4004156,8582119,La Barca,
4004156,8582144,La Huerta,
4004156,8582157,La Manzanilla de la Paz,
4004156,8582153,Lagos de Moreno,
4004156,8582155,Magdalena,
4004156,8582158,Mascota,
4004156,8582159,Mazamitla,
4004156,8582160,Mexticacán,
4004156,8582161,Mezquitic,
4004156,8582162,Mixtlán,
4004156,8582150,Municipio de Jocotepec,Jocotepec
4004156,8582163,Ocotlán,
4004156,8582164,Ojuelos de Jalisco,
4004156,8582165,Pihuamo,
4004156,8582166,Poncitlán,
4004156,8582167,Puerto Vallarta,
4004156,8582169,Quitupan,
4004156,8582171,San Cristóbal de la Barranca,
4004156,8582172,San Diego de Alejandría,
4004156,8582212,San Gabriel,
4004156,8583657,San Ignacio Cerro Gordo,
4004156,8582173,San Juan de los Lagos,
4004156,8582109,San Juanito de Escobedo,
4004156,8582174,San Julián,
4004156,8582175,San Marcos,
4004156,8582176,San Martín de Bolaños,
4004156,8582177,San Martín Hidalgo,
4004156,8582178,San Miguel el Alto,
4004156,8582198,San Pedro Tlaquepaque,
4004156,8582180,San Sebastián del Oeste,
4004156,8582181,Santa María de los Ángeles,
4004156,8582156,Santa María del Oro,
4004156,8582182,Sayula,
4004156,8582183,Tala,
4004156,8582184,Talpa de Allende,
4004156,8582185,Tamazula de Gordiano,
4004156,8582186,Tapalpa,
4004156,8582187,Tecalitlán,
4004156,8582189,Techaluta de Montenegro,
4004156,8582188,Tecolotlán,
4004156,8582190,Tenamaxtlán,
4004156,8582191,Teocaltiche,
4004156,8582192,Teocuitatlán de Corona,
4004156,8582193,Tepatitlán de Morelos,
4004156,8582194,Tequila,
4004156,8582195,Teuchitlán,
4004156,8582196,Tizapán el Alto,
4004156,8582197,Tlajomulco de Zúñiga,
4004156,8582199,Tolimán,
4004156,8582200,Tomatlán,
4004156,8582201,Tonalá,
4004156,8582202,Tonaya,
4004156,8582203,Tonila,
4004156,8582204,Totatiche,
4004156,8582205,Tototlán,
4004156,8582206,Tuxcacuesco,
4004156,8582207,Tuxcueca,
4004156,8582208,Tuxpan,
4004156,8581704,Unión de San Antonio,
4004156,8582209,Unión de Tula,
4004156,8582210,Valle de Guadalupe,
4004156,8582211,Valle de Juárez,
4004156,8582213,Villa Corona,
4004156,8582214,Villa Guerrero,
4004156,8582215,Villa Hidalgo,
4004156,8582168,Villa Purificación,
4004156,8582217,Yahualica de González Gallo,
4004156,8582218,Zacoalco de Torres,
4004156,8582219,Zapopan,
4004156,8582220,Zapotiltic,
4004156,8582221,Zapotitlán de Vadillo,
4004156,8583655,Zapotlán del Rey,
4004156,8582123,Zapotlán el Grande,
4004156,8583656,Zapotlanejo,
4005267,8581894,Abasolo,
4005267,8581895,Acámbaro,
4005267,8581897,Apaseo el Alto,
4005267,8581898,Apaseo el Grande,
4005267,8581899,Atarjea,
4005267,8581900,Celaya,
4005267,8581902,Comonfort,
4005267,8581903,Coroneo,
4005267,8581904,Cortazar,
4005267,8581906,Cuerámaro,
4005267,8581907,Doctor Mora,
4005267,8581908,Dolores Hidalgo Cuna de la Independencia Nacional,
4005267,8581909,Guanajuato,
4005267,8581910,Huanímaro,
4005267,8581911,Irapuato,
4005267,8581912,Jaral del Progreso,
4005267,8581913,Jerécuaro,
4005267,8581914,León,
4005267,8581901,Manuel Doblado,
4005267,8581915,Moroleón,
4005267,8581916,Ocampo,
4005267,8581917,Pénjamo,
4005267,8581918,Pueblo Nuevo,
4005267,8581919,Purísima del Rincón,
4005267,8581920,Romita,
4005267,8581921,Salamanca,
4005267,8581922,Salvatierra,
4005267,8581923,San Diego de la Unión,
4005267,8581924,San Felipe,
4005267,8581925,San Francisco del Rincón,
4005267,8581926,San José Iturbide,
4005267,8581927,San Luis de la Paz,
4005267,8581896,San Miguel de Allende,
4005267,8581928,Santa Catarina,
4005267,8581929,Santa Cruz de Juventino Rosas,
4005267,8581930,Santiago Maravatío,
4005267,8581931,Silao de la Victoria,
4005267,8581932,Tarandacuao,
4005267,8581933,Tarimoro,
4005267,8581934,Tierra Blanca,
4005267,8581935,Uriangato,
4005267,8581936,Valle de Santiago,
4005267,8581937,Victoria,
4005267,8581938,Villagrán,
4005267,8581939,Xichú,
4005267,8581940,Yuriria,
4011741,8581856,Canatlán,
4011741,8581857,Canelas,
4011741,8581858,Coneto de Comonfort,
4011741,8581859,Cuencamé,
4011741,8581860,Durango,
4011741,8581873,El Oro,
4011741,8581861,General Simón Bolívar,
4011741,8581862,Gómez Palacio,
4011741,8581863,Guadalupe Victoria,
4011741,8581864,Guanaceví,
4011741,8581865,Hidalgo,
4011741,8581866,Indé,
4011741,8581867,Lerdo,
4011741,8581868,Mapimí,
4011741,8581869,Mezquital,
4011741,8581870,Nazas,
4011741,8581871,Nombre de Dios,
4011741,8581893,Nuevo Ideal,
4011741,8581872,Ocampo,
4011741,8581874,Otáez,
4011741,8581875,Pánuco de Coronado,
4011741,8581876,Peñón Blanco,
4011741,8581877,Poanas,
4011741,8581878,Pueblo Nuevo,
4011741,8581879,Rodeo,
4011741,8581880,San Bernardo,
4011741,7778824,San Dimas,
4011741,8581881,San Juan de Guadalupe,
4011741,8581882,San Juan del Río,
4011741,8581883,San Luis del Cordero,
4011741,8581884,San Pedro del Gallo,
4011741,8581885,Santa Clara,
4011741,8581886,Santiago Papasquiaro,
4011741,8581887,Súchil,
4011741,8581888,Tamazula,
4011741,8581889,Tepehuanes,
4011741,8581890,Tlahualilo,
4011741,8581891,Topia,
4011741,8581892,Vicente Guerrero,
4013513,8583634,Armería,
4013513,8583635,Colima,
4013513,8583636,Comala,
4013513,8583637,Coquimatlán,
4013513,8581725,Cuauhtémoc,
4013513,8581705,Ixtlahuacán,
4013513,8581706,Manzanillo,
4013513,8583638,Minatitlán,
4013513,8583639,Tecomán,
4013513,8583640,Villa de Álvarez,
4013674,8583596,Abasolo,
4013674,8583597,Acuña,
4013674,8583598,Allende,
4013674,8583599,Arteaga,
4013674,8583600,Candela,
4013674,8583601,Castaños,
4013674,8583602,Cuatro Ciénegas,
4013674,8583603,Escobedo,
4013674,8583604,Francisco I. Madero,
4013674,8583605,Frontera,
4013674,8583606,General Cepeda,
4013674,8583607,Guerrero,
4013674,8583608,Hidalgo,
4013674,8583609,Jiménez,
4013674,8583610,Juárez,
4013674,8583611,Lamadrid,
4013674,8583612,Matamoros,
4013674,8583613,Monclova,
4013674,8583614,Morelos,
4013674,8583615,Múzquiz,
4013674,8583616,Nadadores,
4013674,8583617,Nava,
4013674,8583618,Ocampo,
4013674,8583619,Parras,
4013674,8583620,Piedras Negras,
4013674,8583621,Progreso,
4013674,8583622,Ramos Arizpe,
4013674,8583623,Sabinas,
4013674,8583624,Sacramento,
4013674,8583625,Saltillo,
4013674,8583626,San Buenaventura,
4013674,8583627,San Juan de Sabinas,
4013674,8583628,San Pedro,
4013674,8583629,Sierra Mojada,
4013674,8583630,Torreón,
4013674,8583631,Viesca,
4013674,8583632,Villa Unión,
4013674,8583633,Zaragoza,
4014336,8581800,Ahumada,
4014336,8581830,Aldama,
4014336,8581801,Allende,
4014336,8581802,Aquiles Serdán,
4014336,8581803,Ascensión,
4014336,8581804,Bachíniva,
4014336,8581805,Balleza,
4014336,8581806,Batopilas,
4014336,8581807,Bocoyna,
4014336,8581808,Buenaventura,
4014336,8581809,Camargo,
4014336,8581810,Carichí,
4014336,8581811,Casas Grandes,
4014336,8581816,Chihuahua,
4014336,8581817,Chínipas,
4014336,8581812,Coronado,
4014336,8581813,Coyame del Sotol,
4014336,8581829,Cuauhtémoc,
4014336,8581815,Cusihuiriachi,
4014336,8581818,Delicias,
4014336,8581819,Dr. Belisario Domínguez,
4014336,8581852,El Tule,
4014336,8581820,Galeana,
4014336,8581822,Gómez Farías,
4014336,8581823,Gran Morelos,
4014336,8581824,Guachochi,
4014336,8581825,Guadalupe,
4014336,8581826,Guadalupe y Calvo,
4014336,8581827,Guazapares,
4014336,8581828,Guerrero,
4014336,8583642,Hidalgo del Parral,
4014336,8583643,Huejotitán,
4014336,8583644,Ignacio Zaragoza,
4014336,8583645,Janos,
4014336,8583646,Jiménez,
4014336,8583647,Juárez,
4014336,8583648,Julimes,
4014336,8581814,La Cruz,
4014336,8583649,López,
4014336,8583650,Madera,
4014336,8583651,Maguarichi,
4014336,8583652,Manuel Benavides,
4014336,8581831,Matachí,
4014336,8581832,Matamoros,
4014336,8581833,Meoqui,
4014336,8581834,Morelos,
4014336,8581835,Moris,
4014336,8581836,Namiquipa,
4014336,8581837,Nonoava,
4014336,8581838,Nuevo Casas Grandes,
4014336,8581839,Ocampo,
4014336,8581840,Ojinaga,
4014336,8581841,Praxedis G. Guerrero,
4014336,8581843,Riva Palacio,
4014336,8581844,Rosales,
4014336,8581845,Rosario,
4014336,8581846,San Francisco de Borja,
4014336,8581847,San Francisco de Conchos,
4014336,8581848,San Francisco del Oro,
4014336,8581849,Santa Bárbara,
4014336,8581821,Santa Isabel,
4014336,8581850,Satevó,
4014336,8581851,Saucillo,
4014336,7778819,Temósachic,
4014336,8581853,Urique,
4014336,8581854,Uruachi,
4014336,8581855,Valle de Zaragoza,
4017698,6942829,Comondú,
4017698,6942826,La Paz,
4017698,6942825,Loreto,
4017698,6941773,Los Cabos,
4017698,6942828,Mulegé,
4017700,6942830,Ensenada,
4017700,6942831,Mexicali,
4017700,6942834,Playas de Rosarito,
4017700,12514808,San Felipe,Municipio de San Felipe
4017700,12514809,San Quintín,Municipio de San Quintín
4017700,6942832,Tecate,
4017700,6942833,Tijuana,
4019231,6942835,Aguascalientes,
4019231,6942836,Asientos,
4019231,6942837,Calvillo,
4019231,6942838,Cosío,
4019231,6942845,El Llano,
4019231,6942839,Jesús María,
4019231,6942840,Pabellón de Arteaga,
4019231,6942841,Rincón de Romos,
4019231,6942846,San Francisco de los Romo,
4019231,6942843,San José de Gracia,
4019231,6942844,Tepezalá,
